2025-08-14 23:25:28;SSH;1.662651777267456;USA;default
2025-08-14 23:25:28;Hop;0.5056450366973877;USA;default
2025-08-14 23:25:32;SSH;2.667151927947998;Asia;default
2025-08-14 23:25:33;Hop;1.1562938690185547;Asia;default
2025-08-14 23:25:37;SSH;2.5124499797821045;Europe;default
2025-08-14 23:25:38;Hop;0.9179327487945557;Europe;default
2025-08-14 23:25:40;SSH;1.0125408172607422;USA;default
2025-08-14 23:25:40;Hop;0.45407795906066895;USA;default
2025-08-14 23:25:44;SSH;2.4715631008148193;Asia;default
2025-08-14 23:25:45;Hop;1.141495704650879;Asia;default
2025-08-14 23:25:48;SSH;1.9022719860076904;Europe;default
2025-08-14 23:25:48;Hop;0.9334359169006348;Europe;default
2025-08-14 23:25:50;SSH;0.9795932769775391;USA;default
2025-08-14 23:25:51;Hop;0.45713210105895996;USA;default
2025-08-14 23:25:54;SSH;2.4202911853790283;Asia;default
2025-08-14 23:25:56;Hop;1.1585180759429932;Asia;default
2025-08-14 23:25:59;SSH;1.989936113357544;Europe;default
2025-08-14 23:25:59;Hop;0.9451248645782471;Europe;default
2025-08-14 23:26:02;SSH;1.0811398029327393;USA;default
2025-08-14 23:26:02;Hop;0.4697909355163574;USA;default
2025-08-14 23:26:05;SSH;2.368385076522827;Asia;default
2025-08-14 23:26:07;Hop;1.159325361251831;Asia;default
2025-08-14 23:26:09;SSH;1.9045310020446777;Europe;default
2025-08-14 23:26:10;Hop;0.9073700904846191;Europe;default
2025-08-14 23:26:12;SSH;1.0646450519561768;USA;default
2025-08-14 23:26:13;Hop;0.46421122550964355;USA;default
2025-08-14 23:26:16;SSH;2.4601709842681885;Asia;default
2025-08-14 23:26:18;Hop;1.1489930152893066;Asia;default
2025-08-14 23:26:20;SSH;1.957474946975708;Europe;default
2025-08-14 23:26:21;Hop;0.9537801742553711;Europe;default
2025-08-14 23:26:23;SSH;1.0516481399536133;USA;default
2025-08-14 23:26:24;Hop;0.4639780521392822;USA;default
2025-08-14 23:26:27;SSH;2.4118151664733887;Asia;default
2025-08-14 23:26:29;Hop;1.1579029560089111;Asia;default
2025-08-14 23:26:31;SSH;1.9449129104614258;Europe;default
2025-08-14 23:26:32;Hop;0.9142279624938965;Europe;default
2025-08-14 23:26:35;SSH;1.7883257865905762;USA;default
2025-08-14 23:26:36;Hop;0.4781210422515869;USA;default
2025-08-14 23:26:39;SSH;2.723119020462036;Asia;default
2025-08-14 23:26:41;Hop;1.1491589546203613;Asia;default
2025-08-14 23:26:44;SSH;2.600084066390991;Europe;default
2025-08-14 23:26:45;Hop;0.9182829856872559;Europe;default
2025-08-14 23:26:47;SSH;1.0456862449645996;USA;default
2025-08-14 23:26:48;Hop;0.46015000343322754;USA;default
2025-08-14 23:26:51;SSH;2.4182960987091064;Asia;default
2025-08-14 23:26:52;Hop;1.146791934967041;Asia;default
2025-08-14 23:26:55;SSH;2.0132551193237305;Europe;default
2025-08-14 23:26:56;Hop;0.9463050365447998;Europe;default
2025-08-14 23:26:58;SSH;1.0505762100219727;USA;default
2025-08-14 23:26:59;Hop;0.470827579498291;USA;default
2025-08-14 23:27:02;SSH;2.524732828140259;Asia;default
2025-08-14 23:27:03;Hop;1.156595230102539;Asia;default
2025-08-14 23:27:06;SSH;1.988311767578125;Europe;default
2025-08-14 23:27:07;Hop;0.9139587879180908;Europe;default
2025-08-14 23:27:09;SSH;1.0126688480377197;USA;default
2025-08-14 23:27:10;Hop;0.4665961265563965;USA;default
2025-08-14 23:27:13;SSH;2.373378038406372;Asia;default
2025-08-14 23:27:14;Hop;1.1416068077087402;Asia;default
2025-08-14 23:27:17;SSH;1.9155168533325195;Europe;default
2025-08-14 23:27:18;Hop;0.9179801940917969;Europe;default
2025-08-14 23:27:20;SSH;1.0488660335540771;USA;default
2025-08-14 23:27:21;Hop;0.4679992198944092;USA;default
2025-08-14 23:27:24;SSH;2.4675300121307373;Asia;default
2025-08-14 23:27:25;Hop;1.1579809188842773;Asia;default
2025-08-14 23:27:28;SSH;1.9270038604736328;Europe;default
2025-08-14 23:27:29;Hop;0.9318809509277344;Europe;default
2025-08-14 23:27:31;SSH;1.048804759979248;USA;default
2025-08-14 23:27:32;Hop;0.4678468704223633;USA;default
2025-08-14 23:27:35;SSH;2.490997076034546;Asia;default
2025-08-14 23:27:36;Hop;1.146385908126831;Asia;default
2025-08-14 23:27:39;SSH;1.917114019393921;Europe;default
2025-08-14 23:27:40;Hop;0.90743088722229;Europe;default
2025-08-14 23:27:43;SSH;1.7130520343780518;USA;default
2025-08-14 23:27:43;Hop;0.4608938694000244;USA;default
2025-08-14 23:27:47;SSH;2.6996259689331055;Asia;default
2025-08-14 23:27:48;Hop;1.157459020614624;Asia;default
2025-08-14 23:27:52;SSH;2.671851873397827;Europe;default
2025-08-14 23:27:53;Hop;0.9197549819946289;Europe;default
2025-08-14 23:27:55;SSH;1.025028944015503;USA;default
2025-08-14 23:27:55;Hop;0.4677860736846924;USA;default
2025-08-14 23:27:59;SSH;2.419382095336914;Asia;default
2025-08-14 23:28:00;Hop;1.1420009136199951;Asia;default
2025-08-14 23:28:03;SSH;1.9454460144042969;Europe;default
2025-08-14 23:28:04;Hop;0.9530398845672607;Europe;default
2025-08-14 23:28:06;SSH;1.0139882564544678;USA;default
2025-08-14 23:28:06;Hop;0.46826982498168945;USA;default
2025-08-14 23:28:10;SSH;2.415006160736084;Asia;default
2025-08-14 23:28:11;Hop;1.1367030143737793;Asia;default
2025-08-14 23:28:14;SSH;1.891836166381836;Europe;default
2025-08-14 23:28:15;Hop;0.9175148010253906;Europe;default
2025-08-14 23:28:17;SSH;1.0293810367584229;USA;default
2025-08-14 23:28:17;Hop;0.45871901512145996;USA;default
2025-08-14 23:28:20;SSH;2.4057672023773193;Asia;default
2025-08-14 23:28:22;Hop;1.1471831798553467;Asia;default
2025-08-14 23:28:25;SSH;1.910682201385498;Europe;default
2025-08-14 23:28:25;Hop;0.897385835647583;Europe;default
2025-08-14 23:28:27;SSH;1.0256969928741455;USA;default
2025-08-14 23:28:28;Hop;0.4633910655975342;USA;default
2025-08-14 23:28:31;SSH;2.505448818206787;Asia;default
2025-08-14 23:28:33;Hop;1.1475059986114502;Asia;default
2025-08-14 23:28:36;SSH;1.9066839218139648;Europe;default
2025-08-14 23:28:36;Hop;0.9388818740844727;Europe;default
2025-08-14 23:28:38;SSH;1.0164639949798584;USA;default
2025-08-14 23:28:39;Hop;0.4536728858947754;USA;default
2025-08-14 23:28:42;SSH;2.55157208442688;Asia;default
2025-08-14 23:28:44;Hop;1.1467359066009521;Asia;default
2025-08-14 23:28:47;SSH;2.1189358234405518;Europe;default
2025-08-14 23:28:48;Hop;0.9358069896697998;Europe;default
2025-08-14 23:28:51;SSH;1.9273972511291504;USA;default
2025-08-14 23:28:51;Hop;0.4540138244628906;USA;default
2025-08-14 23:28:55;SSH;2.7949488162994385;Asia;default
2025-08-14 23:28:56;Hop;1.1419072151184082;Asia;default
2025-08-14 23:28:59;SSH;2.3543970584869385;Europe;default
2025-08-14 23:29:00;Hop;0.9068911075592041;Europe;default
2025-08-14 23:29:02;SSH;1.0361318588256836;USA;default
2025-08-14 23:29:03;Hop;0.46552014350891113;USA;default
2025-08-14 23:29:06;SSH;2.336146831512451;Asia;default
2025-08-14 23:29:07;Hop;1.1346728801727295;Asia;default
2025-08-14 23:29:10;SSH;1.9873301982879639;Europe;default
2025-08-14 23:29:11;Hop;0.9149959087371826;Europe;default
2025-08-14 23:29:13;SSH;0.9962108135223389;USA;default
2025-08-14 23:29:14;Hop;0.4573400020599365;USA;default
2025-08-14 23:29:17;SSH;2.5521960258483887;Asia;default
2025-08-14 23:29:18;Hop;1.1391181945800781;Asia;default
2025-08-14 23:29:21;SSH;2.151928186416626;Europe;default
2025-08-14 23:29:22;Hop;0.9101438522338867;Europe;default
2025-08-14 23:29:24;SSH;1.009153127670288;USA;default
2025-08-14 23:29:25;Hop;0.4533119201660156;USA;default
2025-08-14 23:29:28;SSH;2.380068778991699;Asia;default
2025-08-14 23:29:29;Hop;1.1457090377807617;Asia;default
2025-08-14 23:29:32;SSH;1.9012789726257324;Europe;default
2025-08-14 23:29:33;Hop;0.9335112571716309;Europe;default
2025-08-14 23:29:35;SSH;1.03733491897583;USA;default
2025-08-14 23:29:36;Hop;0.45493030548095703;USA;default
2025-08-14 23:29:39;SSH;2.4888880252838135;Asia;default
2025-08-14 23:29:40;Hop;1.137773036956787;Asia;default
2025-08-14 23:29:43;SSH;1.9506678581237793;Europe;default
2025-08-14 23:29:44;Hop;0.8972659111022949;Europe;default
2025-08-14 23:29:46;SSH;1.019869327545166;USA;default
2025-08-14 23:29:47;Hop;0.4555830955505371;USA;default
2025-08-14 23:29:50;SSH;2.3710131645202637;Asia;default
2025-08-14 23:29:51;Hop;1.1552340984344482;Asia;default
2025-08-14 23:29:54;SSH;1.8757109642028809;Europe;default
2025-08-14 23:29:55;Hop;0.8954579830169678;Europe;default
2025-08-14 23:29:58;SSH;1.8085887432098389;USA;default
2025-08-14 23:29:58;Hop;0.45737719535827637;USA;default
2025-08-14 23:30:03;SSH;3.688171148300171;Asia;default
2025-08-14 23:30:04;Hop;1.1564929485321045;Asia;default
2025-08-14 23:30:08;SSH;2.5609889030456543;Europe;default
2025-08-14 23:30:09;Hop;0.8869130611419678;Europe;default
2025-08-14 23:30:11;SSH;1.072998046875;USA;default
2025-08-14 23:30:11;Hop;0.45932602882385254;USA;default
2025-08-14 23:30:15;SSH;2.4284939765930176;Asia;default
2025-08-14 23:30:16;Hop;1.170776128768921;Asia;default
2025-08-14 23:30:19;SSH;1.8961212635040283;Europe;default
2025-08-14 23:30:20;Hop;0.8930869102478027;Europe;default
2025-08-14 23:30:22;SSH;1.028329849243164;USA;default
2025-08-14 23:30:22;Hop;0.45992231369018555;USA;default
2025-08-14 23:30:25;SSH;2.3620657920837402;Asia;default
2025-08-14 23:30:27;Hop;1.1440908908843994;Asia;default
2025-08-14 23:30:29;SSH;1.935124158859253;Europe;default
2025-08-14 23:30:30;Hop;0.9503118991851807;Europe;default
2025-08-14 23:30:32;SSH;1.0366780757904053;USA;default
2025-08-14 23:30:33;Hop;0.46273112297058105;USA;default
2025-08-14 23:30:36;SSH;2.448029041290283;Asia;default
2025-08-14 23:30:38;Hop;1.1573669910430908;Asia;default
2025-08-14 23:30:40;SSH;1.8972270488739014;Europe;default
2025-08-14 23:30:41;Hop;0.9027299880981445;Europe;default
2025-08-14 23:30:43;SSH;0.9969158172607422;USA;default
2025-08-14 23:30:44;Hop;0.45610666275024414;USA;default
2025-08-14 23:30:47;SSH;2.434046983718872;Asia;default
2025-08-14 23:30:48;Hop;1.1463520526885986;Asia;default
2025-08-14 23:30:51;SSH;1.9162402153015137;Europe;default
2025-08-14 23:30:52;Hop;0.9132709503173828;Europe;default
2025-08-14 23:30:54;SSH;1.012571096420288;USA;default
2025-08-14 23:30:55;Hop;0.45972180366516113;USA;default
2025-08-14 23:30:58;SSH;2.400305986404419;Asia;default
2025-08-14 23:30:59;Hop;1.154123067855835;Asia;default
2025-08-14 23:31:02;SSH;1.8983180522918701;Europe;default
2025-08-14 23:31:03;Hop;0.9201741218566895;Europe;default
2025-08-14 23:31:06;SSH;1.8430297374725342;USA;default
2025-08-14 23:31:06;Hop;0.4724700450897217;USA;default
2025-08-14 23:31:10;SSH;2.845499038696289;Asia;default
2025-08-14 23:31:11;Hop;1.1452889442443848;Asia;default
2025-08-14 23:31:15;SSH;2.370920181274414;Europe;default
2025-08-14 23:31:16;Hop;0.9135391712188721;Europe;default
2025-08-14 23:31:18;SSH;1.0265600681304932;USA;default
2025-08-14 23:31:18;Hop;0.4586601257324219;USA;default
2025-08-14 23:31:22;SSH;2.3827719688415527;Asia;default
2025-08-14 23:31:23;Hop;1.1458640098571777;Asia;default
2025-08-14 23:31:26;SSH;1.9840288162231445;Europe;default
2025-08-14 23:31:27;Hop;0.8962609767913818;Europe;default
2025-08-14 23:31:29;SSH;1.0468549728393555;USA;default
2025-08-14 23:31:29;Hop;0.46439313888549805;USA;default
2025-08-14 23:31:33;SSH;2.4774880409240723;Asia;default
2025-08-14 23:31:34;Hop;1.155102014541626;Asia;default
2025-08-14 23:31:37;SSH;2.0091519355773926;Europe;default
2025-08-14 23:31:38;Hop;0.893341064453125;Europe;default
2025-08-14 23:31:40;SSH;1.0449957847595215;USA;default
2025-08-14 23:31:40;Hop;0.4602036476135254;USA;default
2025-08-14 23:31:44;SSH;2.3975751399993896;Asia;default
2025-08-14 23:31:45;Hop;1.156388759613037;Asia;default
2025-08-14 23:31:48;SSH;1.9188060760498047;Europe;default
2025-08-14 23:31:49;Hop;0.9014830589294434;Europe;default
2025-08-14 23:31:51;SSH;1.030149221420288;USA;default
2025-08-14 23:31:51;Hop;0.46106410026550293;USA;default
2025-08-14 23:31:54;SSH;2.441498041152954;Asia;default
2025-08-14 23:31:56;Hop;1.1537039279937744;Asia;default
2025-08-14 23:31:59;SSH;1.915086030960083;Europe;default
2025-08-14 23:32:00;Hop;0.9389090538024902;Europe;default
2025-08-14 23:32:02;SSH;1.077948808670044;USA;default
2025-08-14 23:32:02;Hop;0.4589400291442871;USA;default
2025-08-14 23:32:05;SSH;2.381761074066162;Asia;default
2025-08-14 23:32:07;Hop;1.1473217010498047;Asia;default
2025-08-14 23:32:09;SSH;1.8915250301361084;Europe;default
2025-08-14 23:32:10;Hop;0.91438889503479;Europe;default
2025-08-14 23:32:13;SSH;1.6921238899230957;USA;default
2025-08-14 23:32:14;Hop;0.46507692337036133;USA;default
2025-08-14 23:32:17;SSH;2.751115083694458;Asia;default
2025-08-14 23:32:18;Hop;1.157759189605713;Asia;default
2025-08-14 23:32:22;SSH;2.3702237606048584;Europe;default
2025-08-14 23:32:23;Hop;0.8956472873687744;Europe;default
2025-08-14 23:32:25;SSH;1.0432713031768799;USA;default
2025-08-14 23:32:25;Hop;0.4590280055999756;USA;default
2025-08-14 23:32:29;SSH;2.434999942779541;Asia;default
2025-08-14 23:32:30;Hop;1.140437126159668;Asia;default
2025-08-14 23:32:33;SSH;1.8827381134033203;Europe;default
2025-08-14 23:32:34;Hop;0.897385835647583;Europe;default
2025-08-14 23:32:36;SSH;1.0231401920318604;USA;default
2025-08-14 23:32:36;Hop;0.4543490409851074;USA;default
2025-08-14 23:32:40;SSH;2.4538469314575195;Asia;default
2025-08-14 23:32:41;Hop;1.1544041633605957;Asia;default
2025-08-14 23:32:44;SSH;1.9181580543518066;Europe;default
2025-08-14 23:32:45;Hop;0.9031178951263428;Europe;default
2025-08-14 23:32:47;SSH;1.028566837310791;USA;default
2025-08-14 23:32:47;Hop;0.4614579677581787;USA;default
2025-08-14 23:32:51;SSH;2.49153208732605;Asia;default
2025-08-14 23:32:52;Hop;1.1567130088806152;Asia;default
2025-08-14 23:32:55;SSH;1.9204182624816895;Europe;default
2025-08-14 23:32:56;Hop;0.9532849788665771;Europe;default
2025-08-14 23:32:58;SSH;1.0379421710968018;USA;default
2025-08-14 23:32:58;Hop;0.45334887504577637;USA;default
2025-08-14 23:33:01;SSH;2.377087116241455;Asia;default
2025-08-14 23:33:03;Hop;1.1410610675811768;Asia;default
2025-08-14 23:33:06;SSH;1.9794960021972656;Europe;default
2025-08-14 23:33:06;Hop;0.9118399620056152;Europe;default
2025-08-14 23:33:09;SSH;1.0443809032440186;USA;default
2025-08-14 23:33:09;Hop;0.46004199981689453;USA;default
2025-08-14 23:33:12;SSH;2.4284510612487793;Asia;default
2025-08-14 23:33:14;Hop;1.1618781089782715;Asia;default
2025-08-14 23:33:17;SSH;1.9115161895751953;Europe;default
2025-08-14 23:33:17;Hop;0.8991119861602783;Europe;default
2025-08-14 23:33:20;SSH;1.7568199634552002;USA;default
2025-08-14 23:33:21;Hop;0.46398401260375977;USA;default
2025-08-14 23:33:24;SSH;2.6961920261383057;Asia;default
2025-08-14 23:33:25;Hop;1.146780252456665;Asia;default
2025-08-14 23:33:29;SSH;2.425737142562866;Europe;default
2025-08-14 23:33:30;Hop;0.9055700302124023;Europe;default
2025-08-14 23:33:32;SSH;1.0605618953704834;USA;default
2025-08-14 23:33:32;Hop;0.46083784103393555;USA;default
2025-08-14 23:33:36;SSH;2.3930699825286865;Asia;default
2025-08-14 23:33:37;Hop;1.1557097434997559;Asia;default
2025-08-14 23:33:40;SSH;1.988440990447998;Europe;default
2025-08-14 23:33:41;Hop;0.8965630531311035;Europe;default
2025-08-14 23:33:43;SSH;1.0554301738739014;USA;default
2025-08-14 23:33:43;Hop;0.46099019050598145;USA;default
2025-08-14 23:33:47;SSH;2.4029948711395264;Asia;default
2025-08-14 23:33:48;Hop;1.145190954208374;Asia;default
2025-08-14 23:33:51;SSH;2.014570951461792;Europe;default
2025-08-14 23:33:52;Hop;0.9052343368530273;Europe;default
2025-08-14 23:33:54;SSH;1.0351648330688477;USA;default
2025-08-14 23:33:54;Hop;0.46456003189086914;USA;default
2025-08-14 23:33:58;SSH;2.4018051624298096;Asia;default
2025-08-14 23:33:59;Hop;1.1457116603851318;Asia;default
2025-08-14 23:34:02;SSH;1.942368984222412;Europe;default
2025-08-14 23:34:03;Hop;0.9425857067108154;Europe;default
2025-08-14 23:34:05;SSH;1.0338420867919922;USA;default
2025-08-14 23:34:05;Hop;0.46358585357666016;USA;default
2025-08-14 23:34:09;SSH;2.5017123222351074;Asia;default
2025-08-14 23:34:10;Hop;1.150688886642456;Asia;default
2025-08-14 23:34:14;SSH;2.7277708053588867;Europe;default
2025-08-14 23:34:15;Hop;1.3000869750976562;Europe;default
2025-08-14 23:34:17;SSH;1.0597641468048096;USA;default
2025-08-14 23:34:17;Hop;0.48131275177001953;USA;default
2025-08-14 23:34:21;SSH;2.442152976989746;Asia;default
2025-08-14 23:34:22;Hop;1.1487789154052734;Asia;default
2025-08-14 23:34:25;SSH;1.891968011856079;Europe;default
2025-08-14 23:34:26;Hop;0.9100291728973389;Europe;default
2025-08-14 23:34:29;SSH;1.7826111316680908;USA;default
2025-08-14 23:34:29;Hop;0.46215295791625977;USA;default
2025-08-14 23:34:33;SSH;2.7522130012512207;Asia;default
2025-08-14 23:34:34;Hop;1.1416330337524414;Asia;default
2025-08-14 23:34:38;SSH;2.4796769618988037;Europe;default
2025-08-14 23:34:38;Hop;0.92122483253479;Europe;default
2025-08-14 23:34:40;SSH;1.0461349487304688;USA;default
2025-08-14 23:34:41;Hop;0.4621877670288086;USA;default
2025-08-14 23:34:44;SSH;2.4141550064086914;Asia;default
2025-08-14 23:34:46;Hop;1.1461658477783203;Asia;default
2025-08-14 23:34:48;SSH;1.9328267574310303;Europe;default
2025-08-14 23:34:49;Hop;0.8974409103393555;Europe;default
2025-08-14 23:34:51;SSH;1.0484411716461182;USA;default
2025-08-14 23:34:52;Hop;0.4676992893218994;USA;default
2025-08-14 23:34:55;SSH;2.3959901332855225;Asia;default
2025-08-14 23:34:56;Hop;1.159593105316162;Asia;default
2025-08-14 23:34:59;SSH;1.8985850811004639;Europe;default
2025-08-14 23:35:00;Hop;0.9170570373535156;Europe;default
2025-08-14 23:35:02;SSH;1.0697650909423828;USA;default
2025-08-14 23:35:03;Hop;0.4840989112854004;USA;default
2025-08-14 23:35:06;SSH;2.467613935470581;Asia;default
2025-08-14 23:35:07;Hop;1.140470027923584;Asia;default
2025-08-14 23:35:10;SSH;1.9865870475769043;Europe;default
2025-08-14 23:35:11;Hop;0.9513859748840332;Europe;default
2025-08-14 23:35:13;SSH;1.0395612716674805;USA;default
2025-08-14 23:35:14;Hop;0.47072911262512207;USA;default
2025-08-14 23:35:17;SSH;2.3844470977783203;Asia;default
2025-08-14 23:35:18;Hop;1.1555321216583252;Asia;default
2025-08-14 23:35:21;SSH;1.9578490257263184;Europe;default
2025-08-14 23:35:22;Hop;0.9467358589172363;Europe;default
2025-08-14 23:35:24;SSH;1.0449936389923096;USA;default
2025-08-14 23:35:25;Hop;0.4604039192199707;USA;default
2025-08-14 23:35:28;SSH;2.441452980041504;Asia;default
2025-08-14 23:35:29;Hop;1.152432918548584;Asia;default
2025-08-14 23:35:32;SSH;1.9936752319335938;Europe;default
2025-08-14 23:35:33;Hop;0.90242600440979;Europe;default
2025-08-14 23:35:36;SSH;1.8930909633636475;USA;default
2025-08-14 23:35:37;Hop;0.4647960662841797;USA;default
2025-08-14 23:35:40;SSH;2.7440199851989746;Asia;default
2025-08-14 23:35:42;Hop;1.151057243347168;Asia;default
2025-08-14 23:35:45;SSH;2.7615928649902344;Europe;default
2025-08-14 23:35:47;Hop;1.5105772018432617;Europe;default
2025-08-14 23:35:49;SSH;1.2736668586730957;USA;default
2025-08-14 23:35:50;Hop;0.5923318862915039;USA;default
2025-08-14 23:35:54;SSH;2.979783773422241;Asia;default
2025-08-14 23:35:55;Hop;1.5629849433898926;Asia;default
2025-08-14 23:35:59;SSH;2.482140064239502;Europe;default
2025-08-14 23:36:00;Hop;1.0466539859771729;Europe;default
2025-08-14 23:36:02;SSH;1.2578392028808594;USA;default
2025-08-14 23:36:03;Hop;0.6763100624084473;USA;default
2025-08-14 23:36:07;SSH;3.080731153488159;Asia;default
2025-08-14 23:36:08;Hop;1.2561731338500977;Asia;default
2025-08-14 23:36:11;SSH;2.0266170501708984;Europe;default
2025-08-14 23:36:12;Hop;1.0537526607513428;Europe;default
2025-08-14 23:36:15;SSH;1.5278918743133545;USA;default
2025-08-14 23:36:16;Hop;0.827307939529419;USA;default
2025-08-14 23:36:19;SSH;2.3963623046875;Asia;default
2025-08-14 23:36:20;Hop;1.2068119049072266;Asia;default
2025-08-14 23:36:24;SSH;2.55957293510437;Europe;default
2025-08-14 23:36:25;Hop;1.181976079940796;Europe;default
2025-08-14 23:36:27;SSH;1.0355451107025146;USA;default
2025-08-14 23:36:27;Hop;0.46117305755615234;USA;default
2025-08-14 23:36:31;SSH;2.4099032878875732;Asia;default
2025-08-14 23:36:32;Hop;1.141409158706665;Asia;default
2025-08-14 23:36:35;SSH;1.9264016151428223;Europe;default
2025-08-14 23:36:36;Hop;0.9171750545501709;Europe;default
2025-08-14 23:36:39;SSH;1.6643877029418945;USA;default
2025-08-14 23:36:39;Hop;0.4639759063720703;USA;default
2025-08-14 23:36:43;SSH;2.8506739139556885;Asia;default
2025-08-14 23:36:44;Hop;1.157109022140503;Asia;default
2025-08-14 23:36:48;SSH;2.5836241245269775;Europe;default
2025-08-14 23:36:49;Hop;0.9606637954711914;Europe;default
2025-08-14 23:36:51;SSH;1.0133311748504639;USA;default
2025-08-14 23:36:51;Hop;0.4696769714355469;USA;default
2025-08-14 23:36:54;SSH;2.3849809169769287;Asia;default
2025-08-14 23:36:56;Hop;1.1496927738189697;Asia;default
2025-08-14 23:36:58;SSH;1.892822027206421;Europe;default
2025-08-14 23:36:59;Hop;0.8965229988098145;Europe;default
2025-08-14 23:37:01;SSH;1.0922319889068604;USA;default
2025-08-14 23:37:02;Hop;0.46417784690856934;USA;default
2025-08-14 23:37:05;SSH;2.4567129611968994;Asia;default
2025-08-14 23:37:07;Hop;1.1579010486602783;Asia;default
2025-08-14 23:37:09;SSH;1.8995552062988281;Europe;default
2025-08-14 23:37:10;Hop;0.9016299247741699;Europe;default
2025-08-14 23:37:12;SSH;1.002945899963379;USA;default
2025-08-14 23:37:13;Hop;0.48953986167907715;USA;default
2025-08-14 23:37:16;SSH;2.3684558868408203;Asia;default
2025-08-14 23:37:17;Hop;1.1541900634765625;Asia;default
2025-08-14 23:37:20;SSH;1.970017671585083;Europe;default
2025-08-14 23:37:21;Hop;0.8952057361602783;Europe;default
2025-08-14 23:37:23;SSH;1.0247058868408203;USA;default
2025-08-14 23:37:24;Hop;0.455686092376709;USA;default
2025-08-14 23:37:27;SSH;2.353976011276245;Asia;default
2025-08-14 23:37:28;Hop;1.1324670314788818;Asia;default
2025-08-14 23:37:31;SSH;1.9450979232788086;Europe;default
2025-08-14 23:37:32;Hop;0.9076941013336182;Europe;default
2025-08-14 23:37:34;SSH;1.0155398845672607;USA;default
2025-08-14 23:37:35;Hop;0.4557638168334961;USA;default
2025-08-14 23:37:38;SSH;2.4659388065338135;Asia;default
2025-08-14 23:37:39;Hop;1.1399171352386475;Asia;default
2025-08-14 23:37:42;SSH;1.893510341644287;Europe;default
2025-08-14 23:37:43;Hop;0.895244836807251;Europe;default
2025-08-14 23:37:46;SSH;1.6032721996307373;USA;default
2025-08-14 23:38:06;Hop;0.4663748479373289;USA;default
2025-08-14 23:38:09;SSH;2.8733530044555664;Asia;default
2025-08-14 23:38:11;Hop;1.1423461437225342;Asia;default
2025-08-14 23:38:14;SSH;2.482523202896118;Europe;default
2025-08-14 23:38:15;Hop;0.9359121322631836;Europe;default
2025-08-14 23:38:17;SSH;1.0206480026245117;USA;default
2025-08-14 23:38:18;Hop;0.45455193519592285;USA;default
2025-08-14 23:38:21;SSH;2.442418098449707;Asia;default
2025-08-14 23:38:22;Hop;1.1411471366882324;Asia;default
2025-08-14 23:38:25;SSH;1.9590847492218018;Europe;default
2025-08-14 23:38:26;Hop;0.9486861228942871;Europe;default
2025-08-14 23:38:28;SSH;1.0500519275665283;USA;default
2025-08-14 23:38:29;Hop;0.4615449905395508;USA;default
2025-08-14 23:38:32;SSH;2.470461845397949;Asia;default
2025-08-14 23:38:33;Hop;1.1363310813903809;Asia;default
2025-08-14 23:38:36;SSH;1.8904612064361572;Europe;default
2025-08-14 23:38:37;Hop;0.8979170322418213;Europe;default
2025-08-14 23:38:39;SSH;1.030332088470459;USA;default
2025-08-14 23:38:39;Hop;0.49298906326293945;USA;default
2025-08-14 23:38:43;SSH;2.399090051651001;Asia;default
2025-08-14 23:38:44;Hop;1.1358609199523926;Asia;default
2025-08-14 23:38:47;SSH;1.917759895324707;Europe;default
2025-08-14 23:38:48;Hop;0.9001109600067139;Europe;default
2025-08-14 23:38:51;SSH;1.7774229049682617;USA;default
2025-08-14 23:38:51;Hop;0.45635390281677246;USA;default
2025-08-14 23:38:55;SSH;2.4641520977020264;Asia;default
2025-08-14 23:38:56;Hop;1.138664960861206;Asia;default
2025-08-14 23:38:59;SSH;1.8876399993896484;Europe;default
2025-08-14 23:39:00;Hop;0.9188809394836426;Europe;default
2025-08-14 23:39:02;SSH;1.1168246269226074;USA;default
2025-08-14 23:39:02;Hop;0.4573829174041748;USA;default
2025-08-14 23:39:06;SSH;2.426564931869507;Asia;default
2025-08-14 23:39:07;Hop;1.1493260860443115;Asia;default
2025-08-14 23:39:10;SSH;1.8867480754852295;Europe;default
2025-08-14 23:39:10;Hop;0.8923921585083008;Europe;default
2025-08-14 23:39:12;SSH;1.0387248992919922;USA;default
2025-08-14 23:39:13;Hop;0.456866979598999;USA;default
2025-08-14 23:39:17;SSH;2.6651248931884766;Asia;default
2025-08-14 23:39:18;Hop;1.1380479335784912;Asia;default
2025-08-14 23:39:21;SSH;2.3020641803741455;Europe;default
2025-08-14 23:39:22;Hop;0.9016971588134766;Europe;default
2025-08-14 23:39:24;SSH;1.0219018459320068;USA;default
2025-08-14 23:39:24;Hop;0.4583117961883545;USA;default
2025-08-14 23:39:28;SSH;2.4856231212615967;Asia;default
2025-08-14 23:39:29;Hop;1.1648449897766113;Asia;default
2025-08-14 23:39:32;SSH;1.9169988632202148;Europe;default
2025-08-14 23:39:33;Hop;0.8929488658905029;Europe;default
2025-08-14 23:39:35;SSH;1.0205979347229004;USA;default
2025-08-14 23:39:35;Hop;0.4654419422149658;USA;default
2025-08-14 23:39:39;SSH;2.360243320465088;Asia;default
2025-08-14 23:39:40;Hop;1.13624906539917;Asia;default
2025-08-14 23:39:43;SSH;1.8806381225585938;Europe;default
2025-08-14 23:39:44;Hop;0.9096789360046387;Europe;default
2025-08-14 23:39:46;SSH;1.0192971229553223;USA;default
2025-08-14 23:39:46;Hop;0.45420312881469727;USA;default
2025-08-14 23:39:50;SSH;2.447758913040161;Asia;default
2025-08-14 23:39:51;Hop;1.1497280597686768;Asia;default
2025-08-14 23:39:54;SSH;1.958172082901001;Europe;default
2025-08-14 23:39:55;Hop;0.8976311683654785;Europe;default
2025-08-14 23:39:57;SSH;1.7117679119110107;USA;default
2025-08-14 23:39:58;Hop;0.4532809257507324;USA;default
2025-08-14 23:40:01;SSH;2.3783159255981445;Asia;default
2025-08-14 23:40:02;Hop;1.1365749835968018;Asia;default
2025-08-14 23:40:05;SSH;1.9631340503692627;Europe;default
2025-08-14 23:40:06;Hop;0.9443938732147217;Europe;default
2025-08-14 23:40:08;SSH;1.0926988124847412;USA;default
2025-08-14 23:40:09;Hop;0.4620981216430664;USA;default
2025-08-14 23:40:12;SSH;2.3806498050689697;Asia;default
2025-08-14 23:40:13;Hop;1.1576220989227295;Asia;default
2025-08-14 23:40:16;SSH;1.9770970344543457;Europe;default
2025-08-14 23:40:17;Hop;0.910646915435791;Europe;default
2025-08-14 23:40:19;SSH;1.0389719009399414;USA;default
2025-08-14 23:40:20;Hop;0.45476508140563965;USA;default
2025-08-14 23:40:24;SSH;2.8722808361053467;Asia;default
2025-08-14 23:40:25;Hop;1.2072319984436035;Asia;default
2025-08-14 23:40:28;SSH;2.4204158782958984;Europe;default
2025-08-14 23:40:29;Hop;0.9083278179168701;Europe;default
2025-08-14 23:40:31;SSH;1.0390682220458984;USA;default
2025-08-14 23:40:32;Hop;0.4443478584289551;USA;default
2025-08-14 23:40:35;SSH;2.468456983566284;Asia;default
2025-08-14 23:40:36;Hop;1.158019781112671;Asia;default
2025-08-14 23:40:39;SSH;1.8802099227905273;Europe;default
2025-08-14 23:40:40;Hop;0.8978657722473145;Europe;default
2025-08-14 23:40:42;SSH;1.040262222290039;USA;default
2025-08-14 23:40:43;Hop;0.4593827724456787;USA;default
2025-08-14 23:40:46;SSH;2.4944162368774414;Asia;default
2025-08-14 23:40:47;Hop;1.1699252128601074;Asia;default
2025-08-14 23:40:50;SSH;1.8971221446990967;Europe;default
2025-08-14 23:40:51;Hop;0.9285802841186523;Europe;default
2025-08-14 23:40:53;SSH;1.0204548835754395;USA;default
2025-08-14 23:40:54;Hop;0.453812837600708;USA;default
2025-08-14 23:40:57;SSH;2.4627978801727295;Asia;default
2025-08-14 23:40:58;Hop;1.12652587890625;Asia;default
2025-08-14 23:41:01;SSH;1.8971588611602783;Europe;default
2025-08-14 23:41:02;Hop;0.9055049419403076;Europe;default
2025-08-14 23:41:05;SSH;1.8066339492797852;USA;default
2025-08-14 23:41:05;Hop;0.45827579498291016;USA;default
2025-08-14 23:41:09;SSH;2.474691152572632;Asia;default
2025-08-14 23:41:10;Hop;1.1522712707519531;Asia;default
2025-08-14 23:41:13;SSH;1.9096920490264893;Europe;default
2025-08-14 23:41:14;Hop;0.9013988971710205;Europe;default
2025-08-14 23:41:16;SSH;1.0361888408660889;USA;default
2025-08-14 23:41:16;Hop;0.4592423439025879;USA;default
2025-08-14 23:41:20;SSH;2.4812488555908203;Asia;default
2025-08-14 23:41:21;Hop;1.142514944076538;Asia;default
2025-08-14 23:41:24;SSH;1.8823888301849365;Europe;default
2025-08-14 23:41:25;Hop;0.8978762626647949;Europe;default
2025-08-14 23:41:27;SSH;1.0379211902618408;USA;default
2025-08-14 23:41:27;Hop;0.4594719409942627;USA;default
2025-08-14 23:41:31;SSH;2.6923530101776123;Asia;default
2025-08-14 23:41:32;Hop;1.1501591205596924;Asia;default
2025-08-14 23:41:35;SSH;2.4748787879943848;Europe;default
2025-08-14 23:41:36;Hop;0.897510290145874;Europe;default
2025-08-14 23:41:38;SSH;1.0010709762573242;USA;default
2025-08-14 23:41:39;Hop;0.45839405059814453;USA;default
2025-08-14 23:41:42;SSH;2.379622220993042;Asia;default
2025-08-14 23:41:43;Hop;1.1347050666809082;Asia;default
2025-08-14 23:41:46;SSH;1.9069218635559082;Europe;default
2025-08-14 23:41:47;Hop;0.9116342067718506;Europe;default
2025-08-14 23:41:49;SSH;1.011908769607544;USA;default
2025-08-14 23:41:50;Hop;0.45635294914245605;USA;default
2025-08-14 23:41:53;SSH;2.412048101425171;Asia;default
2025-08-14 23:41:54;Hop;1.1428251266479492;Asia;default
2025-08-14 23:41:57;SSH;1.9263100624084473;Europe;default
2025-08-14 23:41:58;Hop;0.8926389217376709;Europe;default
2025-08-14 23:42:00;SSH;1.047226905822754;USA;default
2025-08-14 23:42:01;Hop;0.4689321517944336;USA;default
2025-08-14 23:42:04;SSH;2.4576308727264404;Asia;default
2025-08-14 23:42:05;Hop;1.1577951908111572;Asia;default
2025-08-14 23:42:08;SSH;1.9242627620697021;Europe;default
2025-08-14 23:42:09;Hop;0.9432559013366699;Europe;default
2025-08-14 23:42:12;SSH;1.8105659484863281;USA;default
2025-08-14 23:42:12;Hop;0.4622609615325928;USA;default
2025-08-14 23:42:16;SSH;2.4563210010528564;Asia;default
2025-08-14 23:42:17;Hop;1.1544592380523682;Asia;default
2025-08-14 23:42:20;SSH;1.8788609504699707;Europe;default
2025-08-14 23:42:21;Hop;0.9401531219482422;Europe;default
2025-08-14 23:42:23;SSH;1.020669937133789;USA;default
2025-08-14 23:42:23;Hop;0.4537670612335205;USA;default
2025-08-14 23:42:27;SSH;2.3739941120147705;Asia;default
2025-08-14 23:42:28;Hop;1.139343023300171;Asia;default
2025-08-14 23:42:31;SSH;1.9948549270629883;Europe;default
2025-08-14 23:42:32;Hop;0.9069499969482422;Europe;default
2025-08-14 23:42:34;SSH;1.0031852722167969;USA;default
2025-08-14 23:42:34;Hop;0.45815491676330566;USA;default
2025-08-14 23:42:38;SSH;2.6883678436279297;Asia;default
2025-08-14 23:42:39;Hop;1.1491992473602295;Asia;default
2025-08-14 23:42:43;SSH;2.502700090408325;Europe;default
2025-08-14 23:42:43;Hop;0.9138917922973633;Europe;default
2025-08-14 23:42:45;SSH;1.0184588432312012;USA;default
2025-08-14 23:42:46;Hop;0.45429396629333496;USA;default
2025-08-14 23:42:49;SSH;2.3798813819885254;Asia;default
2025-08-14 23:42:50;Hop;1.1412353515625;Asia;default
2025-08-14 23:42:53;SSH;1.9563040733337402;Europe;default
2025-08-14 23:42:54;Hop;0.894848108291626;Europe;default
2025-08-14 23:42:56;SSH;1.0250952243804932;USA;default
2025-08-14 23:42:57;Hop;0.4562528133392334;USA;default
2025-08-14 23:43:00;SSH;2.389791965484619;Asia;default
2025-08-14 23:43:01;Hop;1.1522908210754395;Asia;default
2025-08-14 23:43:04;SSH;1.997925043106079;Europe;default
2025-08-14 23:43:05;Hop;0.9398741722106934;Europe;default
2025-08-14 23:43:07;SSH;1.0304920673370361;USA;default
2025-08-14 23:43:08;Hop;0.4564390182495117;USA;default
2025-08-14 23:43:11;SSH;2.3834729194641113;Asia;default
2025-08-14 23:43:12;Hop;1.1359009742736816;Asia;default
2025-08-14 23:43:15;SSH;1.964855670928955;Europe;default
2025-08-14 23:43:16;Hop;0.9411399364471436;Europe;default
2025-08-14 23:43:19;SSH;1.8108930587768555;USA;default
2025-08-14 23:43:19;Hop;0.45409107208251953;USA;default
2025-08-14 23:43:23;SSH;2.4463539123535156;Asia;default
2025-08-14 23:43:24;Hop;1.140312671661377;Asia;default
2025-08-14 23:43:27;SSH;1.890367031097412;Europe;default
2025-08-14 23:43:28;Hop;0.9083340167999268;Europe;default
2025-08-14 23:43:30;SSH;1.090043067932129;USA;default
2025-08-14 23:43:30;Hop;0.4572720527648926;USA;default
2025-08-14 23:43:34;SSH;2.4441778659820557;Asia;default
2025-08-14 23:43:35;Hop;1.1406197547912598;Asia;default
2025-08-14 23:43:38;SSH;1.947434902191162;Europe;default
2025-08-14 23:43:39;Hop;0.9392671585083008;Europe;default
2025-08-14 23:43:41;SSH;1.0173940658569336;USA;default
2025-08-14 23:43:41;Hop;0.4538130760192871;USA;default
2025-08-14 23:43:45;SSH;2.7360880374908447;Asia;default
2025-08-14 23:43:46;Hop;1.1497089862823486;Asia;default
2025-08-14 23:43:50;SSH;2.585165023803711;Europe;default
2025-08-14 23:43:51;Hop;0.915229082107544;Europe;default
2025-08-14 23:43:53;SSH;1.031783103942871;USA;default
2025-08-14 23:43:53;Hop;0.459820032119751;USA;default
2025-08-14 23:43:57;SSH;2.415371894836426;Asia;default
2025-08-14 23:43:58;Hop;1.1387939453125;Asia;default
2025-08-14 23:44:01;SSH;1.8930308818817139;Europe;default
2025-08-14 23:44:02;Hop;0.947577953338623;Europe;default
2025-08-14 23:44:04;SSH;1.0001780986785889;USA;default
2025-08-14 23:44:04;Hop;0.4462912082672119;USA;default
2025-08-14 23:44:08;SSH;2.415778875350952;Asia;default
2025-08-14 23:44:09;Hop;1.1505060195922852;Asia;default
2025-08-14 23:44:12;SSH;2.0009961128234863;Europe;default
2025-08-14 23:44:13;Hop;0.9065999984741211;Europe;default
2025-08-14 23:44:15;SSH;1.0255169868469238;USA;default
2025-08-14 23:44:15;Hop;0.4567379951477051;USA;default
2025-08-14 23:44:19;SSH;2.360543966293335;Asia;default
2025-08-14 23:44:20;Hop;1.1378631591796875;Asia;default
2025-08-14 23:44:23;SSH;1.977060079574585;Europe;default
2025-08-14 23:44:24;Hop;0.935762882232666;Europe;default
2025-08-14 23:44:26;SSH;1.8135230541229248;USA;default
2025-08-14 23:44:27;Hop;0.46308088302612305;USA;default
2025-08-14 23:44:30;SSH;2.4606740474700928;Asia;default
2025-08-14 23:44:31;Hop;1.1385080814361572;Asia;default
2025-08-14 23:44:34;SSH;2.0044009685516357;Europe;default
2025-08-14 23:44:35;Hop;0.9105770587921143;Europe;default
2025-08-15 00:40:30;Hop Hidden;0.4062838554382324;USA;default
2025-08-15 00:40:32;Hop Hidden;0.9663209915161133;Asia;default
2025-08-15 00:40:34;Hop Hidden;0.7661361694335938;Europe;default
2025-08-15 00:40:35;Hop Hidden;0.395068883895874;USA;default
2025-08-15 00:40:37;Hop Hidden;0.9613733291625977;Asia;default
2025-08-15 00:40:39;Hop Hidden;0.8087470531463623;Europe;default
2025-08-15 00:40:40;Hop Hidden;0.38695502281188965;USA;default
2025-08-15 00:40:42;Hop Hidden;0.9676928520202637;Asia;default
2025-08-15 00:40:44;Hop Hidden;0.7851250171661377;Europe;default
2025-08-15 00:40:46;Hop Hidden;0.3937349319458008;USA;default
2025-08-15 00:40:48;Hop Hidden;0.9616069793701172;Asia;default
2025-08-15 00:40:49;Hop Hidden;0.7586648464202881;Europe;default
2025-08-15 00:40:51;Hop Hidden;0.38524603843688965;USA;default
2025-08-15 00:40:53;Hop Hidden;0.9735696315765381;Asia;default
2025-08-15 00:40:55;Hop Hidden;0.8023271560668945;Europe;default
2025-08-15 00:40:56;Hop Hidden;0.3979027271270752;USA;default
2025-08-15 00:40:58;Hop Hidden;0.9641499519348145;Asia;default
2025-08-15 00:41:00;Hop Hidden;0.7649719715118408;Europe;default
2025-08-15 00:41:01;Hop Hidden;0.39524197578430176;USA;default
2025-08-15 00:41:03;Hop Hidden;0.9785449504852295;Asia;default
2025-08-15 00:41:05;Hop Hidden;0.7759978771209717;Europe;default
2025-08-15 00:41:06;Hop Hidden;0.3985443115234375;USA;default
2025-08-15 00:41:08;Hop Hidden;0.9699242115020752;Asia;default
2025-08-15 00:41:10;Hop Hidden;0.762739896774292;Europe;default
2025-08-15 00:41:11;Hop Hidden;0.401608943939209;USA;default
2025-08-15 00:41:13;Hop Hidden;0.9615471363067627;Asia;default
2025-08-15 00:41:15;Hop Hidden;0.7728040218353271;Europe;default
2025-08-15 00:41:17;Hop Hidden;0.4010961055755615;USA;default
2025-08-15 00:41:19;Hop Hidden;0.9675478935241699;Asia;default
2025-08-15 00:41:20;Hop Hidden;0.7777297496795654;Europe;default
2025-08-15 00:41:22;Hop Hidden;0.39549899101257324;USA;default
2025-08-15 00:41:24;Hop Hidden;0.9739646911621094;Asia;default
2025-08-15 00:41:25;Hop Hidden;0.7735590934753418;Europe;default
2025-08-15 00:41:27;Hop Hidden;0.40249133110046387;USA;default
2025-08-15 00:41:29;Hop Hidden;0.9852380752563477;Asia;default
2025-08-15 00:41:31;Hop Hidden;0.8047468662261963;Europe;default
2025-08-15 00:41:32;Hop Hidden;0.39479708671569824;USA;default
2025-08-15 00:41:34;Hop Hidden;0.9648480415344238;Asia;default
2025-08-15 00:41:36;Hop Hidden;0.767935037612915;Europe;default
2025-08-15 00:41:37;Hop Hidden;0.39580202102661133;USA;default
2025-08-15 00:41:39;Hop Hidden;0.9659349918365479;Asia;default
2025-08-15 00:41:41;Hop Hidden;0.7657201290130615;Europe;default
2025-08-15 00:41:42;Hop Hidden;0.39077091217041016;USA;default
2025-08-15 00:41:44;Hop Hidden;0.972783088684082;Asia;default
2025-08-15 00:41:46;Hop Hidden;0.7625172138214111;Europe;default
2025-08-15 00:41:47;Hop Hidden;0.4004650115966797;USA;default
2025-08-15 00:41:49;Hop Hidden;0.976140022277832;Asia;default
2025-08-15 00:41:51;Hop Hidden;0.7714571952819824;Europe;default
2025-08-15 00:41:53;Hop Hidden;0.3966867923736572;USA;default
2025-08-15 00:41:55;Hop Hidden;0.9682199954986572;Asia;default
2025-08-15 00:41:56;Hop Hidden;0.8100237846374512;Europe;default
2025-08-15 00:41:58;Hop Hidden;0.3913459777832031;USA;default
2025-08-15 00:42:00;Hop Hidden;0.9798250198364258;Asia;default
2025-08-15 00:42:02;Hop Hidden;0.772205114364624;Europe;default
2025-08-15 00:42:03;Hop Hidden;0.39814114570617676;USA;default
2025-08-15 00:42:05;Hop Hidden;0.9796321392059326;Asia;default
2025-08-15 00:42:07;Hop Hidden;0.7789349555969238;Europe;default
2025-08-15 00:42:08;Hop Hidden;0.393402099609375;USA;default
2025-08-15 00:42:10;Hop Hidden;0.976283073425293;Asia;default
2025-08-15 00:42:12;Hop Hidden;0.7713122367858887;Europe;default
2025-08-15 00:42:13;Hop Hidden;0.38325023651123047;USA;default
2025-08-15 00:42:15;Hop Hidden;0.9637870788574219;Asia;default
2025-08-15 00:42:17;Hop Hidden;0.7600259780883789;Europe;default
2025-08-15 00:42:18;Hop Hidden;0.3870091438293457;USA;default
2025-08-15 00:42:20;Hop Hidden;0.9739289283752441;Asia;default
2025-08-15 00:42:22;Hop Hidden;0.80206298828125;Europe;default
2025-08-15 00:42:24;Hop Hidden;0.4005777835845947;USA;default
2025-08-15 00:42:26;Hop Hidden;0.9735350608825684;Asia;default
2025-08-15 00:42:27;Hop Hidden;0.8021860122680664;Europe;default
2025-08-15 00:42:29;Hop Hidden;0.40137219429016113;USA;default
2025-08-15 00:42:31;Hop Hidden;0.9800870418548584;Asia;default
2025-08-15 00:42:33;Hop Hidden;0.7908239364624023;Europe;default
2025-08-15 00:42:34;Hop Hidden;0.39811205863952637;USA;default
2025-08-15 00:42:36;Hop Hidden;0.977618932723999;Asia;default
2025-08-15 00:42:38;Hop Hidden;0.7634501457214355;Europe;default
2025-08-15 00:42:39;Hop Hidden;0.39417600631713867;USA;default
2025-08-15 00:42:41;Hop Hidden;0.962742805480957;Asia;default
2025-08-15 00:42:43;Hop Hidden;0.7725298404693604;Europe;default
2025-08-15 00:42:44;Hop Hidden;0.3986659049987793;USA;default
2025-08-15 00:42:46;Hop Hidden;0.9749429225921631;Asia;default
2025-08-15 00:42:48;Hop Hidden;0.7649898529052734;Europe;default
2025-08-15 00:42:49;Hop Hidden;0.40737485885620117;USA;default
2025-08-15 00:42:51;Hop Hidden;0.9823610782623291;Asia;default
2025-08-15 00:42:53;Hop Hidden;0.7661576271057129;Europe;default
2025-08-15 00:42:55;Hop Hidden;0.40187692642211914;USA;default
2025-08-15 00:42:57;Hop Hidden;0.9670867919921875;Asia;default
2025-08-15 00:42:58;Hop Hidden;0.7878918647766113;Europe;default
2025-08-15 00:43:00;Hop Hidden;0.4049348831176758;USA;default
2025-08-15 00:43:02;Hop Hidden;0.9691581726074219;Asia;default
2025-08-15 00:43:03;Hop Hidden;0.7705111503601074;Europe;default
2025-08-15 00:43:05;Hop Hidden;0.40960192680358887;USA;default
2025-08-15 00:43:07;Hop Hidden;0.9630708694458008;Asia;default
2025-08-15 00:43:09;Hop Hidden;0.8106949329376221;Europe;default
2025-08-15 00:43:10;Hop Hidden;0.4062061309814453;USA;default
2025-08-15 00:43:12;Hop Hidden;0.9806029796600342;Asia;default
2025-08-15 00:43:14;Hop Hidden;0.7732300758361816;Europe;default
2025-08-15 00:43:15;Hop Hidden;0.3984971046447754;USA;default
2025-08-15 00:43:17;Hop Hidden;0.9708249568939209;Asia;default
2025-08-15 00:43:19;Hop Hidden;0.7844212055206299;Europe;default
2025-08-15 00:43:20;Hop Hidden;0.38944578170776367;USA;default
2025-08-15 00:43:22;Hop Hidden;0.9647750854492188;Asia;default
2025-08-15 00:43:24;Hop Hidden;0.7610809803009033;Europe;default
2025-08-15 00:43:26;Hop Hidden;0.411884069442749;USA;default
2025-08-15 00:43:28;Hop Hidden;0.9764869213104248;Asia;default
2025-08-15 00:43:29;Hop Hidden;0.8033361434936523;Europe;default
2025-08-15 00:43:31;Hop Hidden;0.40097832679748535;USA;default
2025-08-15 00:43:33;Hop Hidden;1.0010738372802734;Asia;default
2025-08-15 00:43:35;Hop Hidden;0.8022580146789551;Europe;default
2025-08-15 00:43:36;Hop Hidden;0.3969881534576416;USA;default
2025-08-15 00:43:38;Hop Hidden;0.9666831493377686;Asia;default
2025-08-15 00:43:40;Hop Hidden;0.7831690311431885;Europe;default
2025-08-15 00:43:41;Hop Hidden;0.39960289001464844;USA;default
2025-08-15 00:43:43;Hop Hidden;0.9635050296783447;Asia;default
2025-08-15 00:43:45;Hop Hidden;0.7631888389587402;Europe;default
2025-08-15 00:43:46;Hop Hidden;0.3975710868835449;USA;default
2025-08-15 00:43:48;Hop Hidden;0.976560115814209;Asia;default
2025-08-15 00:43:50;Hop Hidden;0.7674980163574219;Europe;default
2025-08-15 00:43:51;Hop Hidden;0.390913724899292;USA;default
2025-08-15 00:43:53;Hop Hidden;0.9674201011657715;Asia;default
2025-08-15 00:43:55;Hop Hidden;0.8042120933532715;Europe;default
2025-08-15 00:43:57;Hop Hidden;0.3956601619720459;USA;default
2025-08-15 00:43:59;Hop Hidden;0.9660470485687256;Asia;default
2025-08-15 00:44:00;Hop Hidden;0.7967419624328613;Europe;default
2025-08-15 00:44:02;Hop Hidden;0.40287089347839355;USA;default
2025-08-15 00:44:04;Hop Hidden;0.9609479904174805;Asia;default
2025-08-15 00:44:06;Hop Hidden;0.7755908966064453;Europe;default
2025-08-15 00:44:07;Hop Hidden;0.4034290313720703;USA;default
2025-08-15 00:44:09;Hop Hidden;0.9794280529022217;Asia;default
2025-08-15 00:44:11;Hop Hidden;0.7646570205688477;Europe;default
2025-08-15 00:44:12;Hop Hidden;0.4055471420288086;USA;default
2025-08-15 00:44:14;Hop Hidden;0.9722850322723389;Asia;default
2025-08-15 00:44:16;Hop Hidden;0.7663989067077637;Europe;default
2025-08-15 00:44:17;Hop Hidden;0.4039921760559082;USA;default
2025-08-15 00:44:19;Hop Hidden;0.9725868701934814;Asia;default
2025-08-15 00:44:21;Hop Hidden;0.7665491104125977;Europe;default
2025-08-15 00:44:22;Hop Hidden;0.39693689346313477;USA;default
2025-08-15 00:44:24;Hop Hidden;0.9679059982299805;Asia;default
2025-08-15 00:44:26;Hop Hidden;0.7717609405517578;Europe;default
2025-08-15 00:44:28;Hop Hidden;0.4066488742828369;USA;default
2025-08-15 00:44:30;Hop Hidden;0.9819831848144531;Asia;default
2025-08-15 00:44:31;Hop Hidden;0.7949609756469727;Europe;default
2025-08-15 00:44:33;Hop Hidden;0.39994120597839355;USA;default
2025-08-15 00:44:35;Hop Hidden;0.9800159931182861;Asia;default
2025-08-15 00:44:37;Hop Hidden;0.7655470371246338;Europe;default
2025-08-15 00:44:38;Hop Hidden;0.39720726013183594;USA;default
2025-08-15 00:44:40;Hop Hidden;0.9729609489440918;Asia;default
2025-08-15 00:44:42;Hop Hidden;0.78938889503479;Europe;default
2025-08-15 00:44:43;Hop Hidden;0.3976268768310547;USA;default
2025-08-15 00:44:45;Hop Hidden;0.9714930057525635;Asia;default
2025-08-15 00:44:47;Hop Hidden;0.8001210689544678;Europe;default
2025-08-15 00:44:48;Hop Hidden;0.4003739356994629;USA;default
2025-08-15 00:44:50;Hop Hidden;0.9699618816375732;Asia;default
2025-08-15 00:44:52;Hop Hidden;0.7987613677978516;Europe;default
2025-08-15 00:44:53;Hop Hidden;0.39835405349731445;USA;default
2025-08-15 00:44:55;Hop Hidden;0.9769930839538574;Asia;default
2025-08-15 00:44:57;Hop Hidden;0.7721080780029297;Europe;default
2025-08-15 00:44:59;Hop Hidden;0.3879208564758301;USA;default
2025-08-15 00:45:01;Hop Hidden;0.9728798866271973;Asia;default
2025-08-15 00:45:02;Hop Hidden;0.7819461822509766;Europe;default
2025-08-15 00:45:04;Hop Hidden;0.4248192310333252;USA;default
2025-08-15 00:45:06;Hop Hidden;0.9714679718017578;Asia;default
2025-08-15 00:45:08;Hop Hidden;0.7616660594940186;Europe;default
2025-08-15 00:45:09;Hop Hidden;0.3931691646575928;USA;default
2025-08-15 00:45:11;Hop Hidden;0.9712619781494141;Asia;default
2025-08-15 00:45:13;Hop Hidden;0.7927629947662354;Europe;default
2025-08-15 00:45:14;Hop Hidden;0.4012720584869385;USA;default
2025-08-15 00:45:16;Hop Hidden;0.9733421802520752;Asia;default
2025-08-15 00:45:18;Hop Hidden;0.7611229419708252;Europe;default
2025-08-15 00:45:19;Hop Hidden;0.4028799533843994;USA;default
2025-08-15 00:45:21;Hop Hidden;0.9728519916534424;Asia;default
2025-08-15 00:45:23;Hop Hidden;0.7640659809112549;Europe;default
2025-08-15 00:45:24;Hop Hidden;0.4081568717956543;USA;default
2025-08-15 00:45:26;Hop Hidden;0.969897985458374;Asia;default
2025-08-15 00:45:28;Hop Hidden;0.7772660255432129;Europe;default
2025-08-15 00:45:30;Hop Hidden;0.40170717239379883;USA;default
2025-08-15 00:45:32;Hop Hidden;0.9713490009307861;Asia;default
2025-08-15 00:45:33;Hop Hidden;0.7960071563720703;Europe;default
2025-08-15 00:45:35;Hop Hidden;0.40064120292663574;USA;default
2025-08-15 00:45:37;Hop Hidden;0.9770357608795166;Asia;default
2025-08-15 00:45:39;Hop Hidden;0.777587890625;Europe;default
2025-08-15 00:45:40;Hop Hidden;0.3957092761993408;USA;default
2025-08-15 00:45:42;Hop Hidden;0.9680781364440918;Asia;default
2025-08-15 00:45:44;Hop Hidden;0.7700722217559814;Europe;default
2025-08-15 00:45:45;Hop Hidden;0.40203404426574707;USA;default
2025-08-15 00:45:47;Hop Hidden;0.9622220993041992;Asia;default
2025-08-15 00:45:49;Hop Hidden;0.7694368362426758;Europe;default
2025-08-15 00:45:50;Hop Hidden;0.3918797969818115;USA;default
2025-08-15 00:45:52;Hop Hidden;0.9853718280792236;Asia;default
2025-08-15 00:45:54;Hop Hidden;0.7697536945343018;Europe;default
2025-08-15 00:45:55;Hop Hidden;0.40352296829223633;USA;default
2025-08-15 00:45:57;Hop Hidden;0.9860668182373047;Asia;default
2025-08-15 00:45:59;Hop Hidden;0.7965168952941895;Europe;default
2025-08-15 00:46:01;Hop Hidden;0.3917818069458008;USA;default
2025-08-15 00:46:03;Hop Hidden;0.9790401458740234;Asia;default
2025-08-15 00:46:04;Hop Hidden;0.7992119789123535;Europe;default
2025-08-15 00:46:06;Hop Hidden;0.4047868251800537;USA;default
2025-08-15 00:46:08;Hop Hidden;0.9664530754089355;Asia;default
2025-08-15 00:46:10;Hop Hidden;0.8080313205718994;Europe;default
2025-08-15 00:46:11;Hop Hidden;0.4028918743133545;USA;default
2025-08-15 00:46:13;Hop Hidden;0.973487138748169;Asia;default
2025-08-15 00:46:15;Hop Hidden;0.7877109050750732;Europe;default
2025-08-15 00:46:16;Hop Hidden;0.3988189697265625;USA;default
2025-08-15 00:46:18;Hop Hidden;0.9767117500305176;Asia;default
2025-08-15 00:46:20;Hop Hidden;0.8043050765991211;Europe;default
2025-08-15 00:46:21;Hop Hidden;0.39488983154296875;USA;default
2025-08-15 00:46:23;Hop Hidden;0.9682579040527344;Asia;default
2025-08-15 00:46:25;Hop Hidden;0.7720661163330078;Europe;default
2025-08-15 00:46:27;Hop Hidden;0.403195858001709;USA;default
2025-08-15 00:46:28;Hop Hidden;0.9613099098205566;Asia;default
2025-08-15 00:46:30;Hop Hidden;0.7586178779602051;Europe;default
2025-08-15 00:46:32;Hop Hidden;0.39858102798461914;USA;default
2025-08-15 00:46:34;Hop Hidden;0.9667990207672119;Asia;default
2025-08-15 00:46:35;Hop Hidden;0.7945170402526855;Europe;default
2025-08-15 00:46:37;Hop Hidden;0.4032149314880371;USA;default
2025-08-15 00:46:39;Hop Hidden;0.9714727401733398;Asia;default
2025-08-15 00:46:41;Hop Hidden;0.766387939453125;Europe;default
2025-08-15 00:46:42;Hop Hidden;0.39909982681274414;USA;default
2025-08-15 00:46:44;Hop Hidden;0.9706149101257324;Asia;default
2025-08-15 00:46:46;Hop Hidden;0.7978897094726562;Europe;default
2025-08-15 00:46:47;Hop Hidden;0.40358591079711914;USA;default
2025-08-15 00:46:49;Hop Hidden;0.9728069305419922;Asia;default
2025-08-15 00:46:51;Hop Hidden;0.798583984375;Europe;default
2025-08-15 00:46:52;Hop Hidden;0.4020500183105469;USA;default
2025-08-15 00:46:54;Hop Hidden;0.9773378372192383;Asia;default
2025-08-15 00:46:56;Hop Hidden;0.7996506690979004;Europe;default
2025-08-15 00:46:58;Hop Hidden;0.4093797206878662;USA;default
2025-08-15 00:47:00;Hop Hidden;0.9665780067443848;Asia;default
2025-08-15 00:47:01;Hop Hidden;0.7621119022369385;Europe;default
2025-08-15 00:47:03;Hop Hidden;0.39568114280700684;USA;default
2025-08-15 00:47:05;Hop Hidden;0.9744539260864258;Asia;default
2025-08-15 00:47:07;Hop Hidden;0.7882640361785889;Europe;default
2025-08-15 00:47:08;Hop Hidden;0.4005129337310791;USA;default
2025-08-15 00:47:10;Hop Hidden;0.9685273170471191;Asia;default
2025-08-15 00:47:12;Hop Hidden;0.7652022838592529;Europe;default
2025-08-15 00:47:13;Hop Hidden;0.4046459197998047;USA;default
2025-08-15 00:47:15;Hop Hidden;0.9710218906402588;Asia;default
2025-08-15 00:47:17;Hop Hidden;0.7905769348144531;Europe;default
2025-08-15 00:47:18;Hop Hidden;0.389606237411499;USA;default
2025-08-15 00:47:20;Hop Hidden;0.9718341827392578;Asia;default
2025-08-15 00:47:22;Hop Hidden;0.7627649307250977;Europe;default
2025-08-15 00:47:23;Hop Hidden;0.40117406845092773;USA;default
2025-08-15 00:47:25;Hop Hidden;0.9790041446685791;Asia;default
2025-08-15 00:47:27;Hop Hidden;0.8051760196685791;Europe;default
2025-08-15 00:47:29;Hop Hidden;0.3994412422180176;USA;default
2025-08-15 00:47:31;Hop Hidden;0.9743912220001221;Asia;default
2025-08-15 00:47:32;Hop Hidden;0.7893781661987305;Europe;default
2025-08-15 00:47:34;Hop Hidden;0.42531800270080566;USA;default
2025-08-15 00:47:36;Hop Hidden;0.969372034072876;Asia;default
2025-08-15 00:47:38;Hop Hidden;0.7925591468811035;Europe;default
2025-08-15 00:47:39;Hop Hidden;0.40419673919677734;USA;default
2025-08-15 00:47:41;Hop Hidden;0.9791078567504883;Asia;default
2025-08-15 00:47:43;Hop Hidden;0.7717249393463135;Europe;default
2025-08-15 00:47:44;Hop Hidden;0.39911389350891113;USA;default
2025-08-15 00:47:47;Hop Hidden;1.344115972518921;Asia;default
2025-08-15 00:47:49;Hop Hidden;1.1175658702850342;Europe;default
2025-08-15 00:47:50;Hop Hidden;0.39006996154785156;USA;default
2025-08-15 00:47:52;Hop Hidden;0.9701910018920898;Asia;default
2025-08-15 00:47:54;Hop Hidden;0.7621161937713623;Europe;default
2025-08-15 00:47:55;Hop Hidden;0.39533209800720215;USA;default
2025-08-15 00:47:57;Hop Hidden;0.9756767749786377;Asia;default
2025-08-15 00:47:59;Hop Hidden;0.7854158878326416;Europe;default
2025-08-15 00:48:00;Hop Hidden;0.396043062210083;USA;default
2025-08-15 00:48:02;Hop Hidden;0.9784419536590576;Asia;default
2025-08-15 00:48:04;Hop Hidden;0.7667560577392578;Europe;default
2025-08-15 00:48:06;Hop Hidden;0.39972782135009766;USA;default
2025-08-15 00:48:08;Hop Hidden;0.9800798892974854;Asia;default
2025-08-15 00:48:09;Hop Hidden;0.7653570175170898;Europe;default
2025-08-15 00:48:11;Hop Hidden;0.4013559818267822;USA;default
2025-08-15 00:48:13;Hop Hidden;0.9743590354919434;Asia;default
2025-08-15 00:48:14;Hop Hidden;0.7908022403717041;Europe;default
2025-08-15 00:48:16;Hop Hidden;0.39478302001953125;USA;default
2025-08-15 00:48:18;Hop Hidden;0.9691469669342041;Asia;default
2025-08-15 00:48:20;Hop Hidden;0.759864091873169;Europe;default
2025-08-15 00:48:21;Hop Hidden;0.3986930847167969;USA;default
2025-08-15 00:48:23;Hop Hidden;0.9728069305419922;Asia;default
2025-08-15 00:48:25;Hop Hidden;0.7641379833221436;Europe;default
2025-08-15 00:48:26;Hop Hidden;0.40049290657043457;USA;default
2025-08-15 00:48:28;Hop Hidden;0.9735569953918457;Asia;default
2025-08-15 00:48:30;Hop Hidden;0.773615837097168;Europe;default
2025-08-15 00:48:31;Hop Hidden;0.4049839973449707;USA;default
2025-08-15 00:48:33;Hop Hidden;0.9687950611114502;Asia;default
2025-08-15 00:48:35;Hop Hidden;0.8044211864471436;Europe;default
2025-08-15 00:48:37;Hop Hidden;0.4144110679626465;USA;default
2025-08-15 00:48:39;Hop Hidden;0.9826858043670654;Asia;default
2025-08-15 00:48:40;Hop Hidden;0.7635478973388672;Europe;default
2025-08-15 00:48:42;Hop Hidden;0.3919398784637451;USA;default
2025-08-15 00:48:44;Hop Hidden;0.967972993850708;Asia;default
2025-08-15 00:48:45;Hop Hidden;0.7778849601745605;Europe;default
2025-08-15 00:48:47;Hop Hidden;0.3997769355773926;USA;default
2025-08-15 00:48:49;Hop Hidden;0.9622659683227539;Asia;default
2025-08-15 00:48:51;Hop Hidden;0.7631149291992188;Europe;default
2025-08-15 00:48:52;Hop Hidden;0.389937162399292;USA;default
2025-08-15 00:48:54;Hop Hidden;0.9850068092346191;Asia;default
2025-08-15 00:48:56;Hop Hidden;0.7659847736358643;Europe;default
2025-08-15 00:48:57;Hop Hidden;0.39797186851501465;USA;default
2025-08-15 00:48:59;Hop Hidden;0.9762580394744873;Asia;default
2025-08-15 00:49:01;Hop Hidden;0.766049861907959;Europe;default
2025-08-15 00:49:02;Hop Hidden;0.4170210361480713;USA;default
2025-08-15 00:49:04;Hop Hidden;0.9806079864501953;Asia;default
2025-08-15 00:49:06;Hop Hidden;0.7515649795532227;Europe;default
