"ssh_usa","hop_usa","ssh_europe","hop_europe","ssh_asia","hop_asia",local,empty
99.38,84.30,179.05,156.89,214.16,196.19,38.23
89.87,92.09,170.34,160.11,205.86,200.52,24.68
98.18,92.07,165.70,156.26,207.29,203.83,25.59
85.67,90.17,167.30,160.13,206.84,199.07,25.16
99.69,84.50,178.62,162.93,217.04,205.84,21.95
111.64,84.26,170.10,161.75,200.11,203.66,48.41
96.96,86.55,171.90,167.64,222.07,198.56,57.17
88.01,92.19,176.19,161.30,203.54,200.91,47.82
86.89,90.99,174.67,158.60,201.13,202.85,26.10
101.11,91.34,168.87,156.51,209.61,197.93,43.86
92.28,97.42,164.60,163.98,209.68,199.14,45.97
100.96,88.18,166.83,161.24,206.98,202.60,22.40
112.13,93.63,170.04,158.51,216.91,197.12,45.89
99.07,85.52,175.64,157.54,201.75,201.67,40.97
91.75,84.03,179.21,163.72,200.97,199.72,45.04
99.78,90.70,168.56,162.23,209.53,199.23,42.13
108.35,84.48,173.68,158.51,211.55,199.04,22.62
101.72,88.40,164.71,161.43,202.21,201.55,43.50
97.41,89.15,169.82,159.97,212.39,200.70,42.72
90.12,88.40,167.87,166.87,223.28,196.79,22.64
105.07,86.38,163.87,158.31,196.55,204.20,22.68
94.16,85.44,175.00,164.86,199.32,200.82,21.40
97.29,87.45,180.31,156.39,199.68,197.37,24.61
100.15,87.43,175.56,155.56,210.86,200.11,42.66
103.70,86.92,182.09,156.98,212.06,199.96,24.16
97.46,84.99,174.49,156.25,209.35,201.19,22.54
88.02,86.79,172.02,157.08,208.40,199.31,21.25
105.52,92.34,168.80,159.17,209.21,200.61,42.10
105.30,91.83,174.97,164.35,204.81,197.10,21.72
99.16,96.95,169.93,156.28,200.65,196.04,39.57
97.22,86.10,171.29,156.19,208.33,202.72,21.11
104.74,88.69,173.81,162.68,209.06,199.55,39.57
100.66,84.74,164.37,162.73,200.12,198.15,44.51
85.98,92.22,166.87,159.49,207.78,203.25,23.93
81.82,87.62,158.22,158.12,204.96,196.22,26.30
99.89,86.16,175.67,156.44,199.53,203.62,44.54
86.27,84.33,167.54,160.91,199.43,199.73,23.98
98.44,83.14,179.28,156.79,205.33,204.00,31.95
89.34,91.71,174.55,160.21,205.54,198.60,23.76
93.81,88.45,176.37,157.40,207.91,201.34,40.62
91.74,85.58,170.30,164.65,203.66,197.33,42.14
101.75,84.93,167.76,164.70,208.08,198.53,41.31
88.32,84.75,172.46,160.17,206.10,196.21,43.50
108.25,87.64,159.19,181.54,201.48,203.18,41.00
85.65,86.86,181.87,155.78,203.57,202.12,22.11
91.09,90.25,171.63,163.08,217.28,196.50,39.48
113.65,84.24,169.38,161.95,196.22,200.46,39.81
103.09,86.16,161.34,157.26,209.18,203.89,43.70
114.01,97.50,166.63,158.60,201.95,196.32,45.01
110.85,84.43,176.38,157.34,203.58,205.69,40.95
102.04,87.20,164.45,161.72,209.61,202.44,40.14
98.54,93.67,168.81,158.07,205.27,198.94,24.70
104.97,85.88,166.65,165.23,201.16,201.05,22.38
87.78,85.07,184.45,162.19,202.33,199.85,44.97
87.78,93.94,165.23,162.24,215.62,199.23,42.68
98.28,85.09,168.64,163.50,203.65,198.33,23.61
99.32,87.66,156.92,156.61,205.76,199.03,39.45
100.32,88.48,181.12,160.98,221.70,198.58,24.45
89.62,87.31,165.04,160.50,205.42,201.74,49.09
99.80,86.16,171.33,163.86,204.52,200.84,21.88
99.80,81.69,159.68,160.65,209.54,203.04,43.96
88.22,88.47,185.21,155.69,214.17,200.55,41.05
98.54,89.43,175.63,163.65,203.68,200.14,26.13
84.74,85.50,162.83,158.26,202.47,198.91,22.52
103.57,87.81,167.04,162.88,204.65,201.64,22.68
87.63,83.99,166.69,160.72,203.94,197.05,43.43
96.54,89.98,176.27,164.23,210.47,202.19,23.92
105.08,90.35,165.07,166.58,200.17,196.54,41.44
85.51,90.54,167.84,160.00,202.25,199.95,44.78
90.82,86.58,177.23,165.05,207.51,202.52,23.34
99.93,85.09,170.69,158.89,205.87,201.80,41.61
89.44,86.43,177.03,161.44,208.47,197.15,22.33
112.41,83.68,163.40,163.78,205.61,198.52,41.88
112.84,87.29,181.11,157.31,213.39,207.28,23.11
102.90,87.60,183.06,161.57,206.26,203.71,41.40
103.63,87.09,180.49,161.04,205.04,199.27,22.36
104.20,87.16,164.49,161.43,208.84,201.74,43.61
103.70,88.89,166.41,160.76,195.12,200.69,42.73
114.21,91.34,172.27,162.43,205.00,200.35,40.68
84.73,85.43,184.33,156.58,203.10,199.03,24.26
104.71,89.53,170.15,163.52,211.75,202.01,44.20
101.14,90.22,162.84,157.85,219.58,198.12,30.44
103.48,88.59,180.95,158.47,208.05,202.52,43.48
104.20,84.44,172.59,158.23,194.48,199.70,43.40
100.78,87.43,165.83,163.59,210.05,202.19,41.95
91.28,87.93,164.45,158.95,204.99,197.76,22.02
98.52,85.41,183.52,158.26,219.80,206.05,46.30
99.66,92.09,172.24,161.37,195.02,201.63,41.43
118.35,85.55,173.07,159.55,203.15,199.55,23.12
124.51,87.15,173.19,161.55,201.34,196.25,41.55
100.52,86.37,185.71,164.46,215.38,196.72,22.97
103.17,87.74,169.37,166.40,204.29,198.22,40.65
113.87,95.58,170.52,154.74,208.01,197.96,23.93
87.40,87.45,169.26,161.25,210.92,195.95,40.48
114.96,87.74,170.04,157.18,224.32,197.28,44.10
98.55,84.70,167.11,158.71,207.93,202.25,40.49
102.82,84.34,178.27,155.63,201.10,200.42,24.05
108.74,85.99,172.00,164.15,219.42,202.09,21.84
99.13,87.46,172.28,159.32,212.20,199.88,40.41
87.32,90.60,174.20,159.70,200.10,196.21,40.65
101.21,91.68,168.25,156.33,217.90,205.06,22.84
105.01,89.94,166.13,155.39,202.44,200.66,40.33
119.48,85.21,173.32,162.70,205.75,199.73,22.94
112.60,85.50,175.67,162.82,201.85,198.67,38.88
95.45,85.83,176.66,163.12,199.79,197.84,44.24
127.11,84.45,162.34,158.16,211.83,198.48,44.65
100.52,92.54,169.37,159.01,201.08,205.51,40.34
89.35,88.63,170.11,159.57,215.82,200.08,45.15
86.00,86.48,166.34,157.02,203.92,204.64,38.69
103.39,89.80,185.69,159.68,218.02,197.40,24.58
102.75,91.68,160.77,155.96,203.45,204.30,41.01
102.23,88.75,161.46,160.77,206.04,197.58,22.62
113.97,90.72,179.35,156.01,199.28,195.99,41.52
101.02,92.24,174.36,157.85,199.65,197.81,21.71
102.21,92.17,175.40,157.11,195.74,199.85,41.60
102.14,87.80,168.98,154.88,208.65,199.64,43.42
102.81,85.31,173.74,155.30,198.02,199.84,44.08
104.28,95.73,174.87,157.28,209.08,199.02,44.01
99.26,91.68,168.53,158.21,205.21,199.58,22.94
87.66,83.73,165.51,163.39,204.70,205.45,40.89
101.05,86.24,166.42,155.83,207.35,197.25,23.20
103.98,88.61,167.71,160.22,218.47,197.66,41.32
92.61,88.82,162.72,157.51,217.89,203.18,23.72
99.06,89.86,173.57,155.55,213.29,200.90,40.41
110.77,89.03,182.59,158.37,201.94,199.50,23.78
86.07,89.09,179.32,161.83,196.69,202.43,40.25
103.00,87.12,168.09,154.88,198.63,202.41,44.06
97.66,88.03,163.54,155.57,210.07,200.85,42.19
101.37,85.70,168.80,161.93,220.43,205.23,44.12
97.69,88.62,177.50,163.04,208.78,196.44,43.27
88.34,86.31,177.84,162.58,205.07,199.24,42.04
102.66,92.67,178.64,163.98,204.57,201.82,22.81
88.12,89.80,172.71,156.33,208.91,196.56,40.60
90.16,92.93,175.12,155.12,198.56,198.97,25.60
86.45,87.02,172.54,161.30,204.41,200.11,23.49
87.23,90.71,175.57,158.48,204.23,196.75,20.81
101.71,87.21,175.80,158.34,201.40,197.75,43.91
101.94,88.18,172.67,160.08,211.14,200.75,24.43
113.26,82.91,194.45,156.00,209.00,201.23,43.23
100.14,73.86,172.61,156.06,200.68,198.27,41.67
108.88,91.13,178.16,160.83,201.30,202.95,39.29
105.19,82.57,165.49,157.52,207.04,198.00,22.83
112.94,90.42,173.44,161.22,202.76,204.99,41.75
87.53,86.54,173.35,162.05,212.12,199.51,22.69
104.25,82.11,177.10,159.08,221.37,203.99,34.49
100.07,87.11,174.49,158.00,208.48,203.99,43.39
102.50,87.85,175.38,162.58,221.06,197.57,22.74
85.93,84.15,169.95,154.98,199.97,209.67,22.39
96.77,92.50,166.53,157.45,213.80,206.64,23.75
105.14,91.99,169.21,156.47,207.66,199.16,38.93
102.18,85.54,163.06,160.76,195.59,196.50,19.86
98.89,90.20,171.67,161.73,206.51,202.64,43.86
86.85,91.06,177.27,156.37,206.82,199.01,41.08
107.09,91.45,158.35,163.29,203.61,198.73,40.46
88.23,94.90,179.78,159.57,206.23,196.91,22.58
92.90,86.53,174.08,157.66,222.57,199.08,22.31
99.30,86.32,178.49,161.02,202.68,196.74,22.73
96.95,85.17,179.62,160.65,206.92,201.40,42.30
86.98,88.19,181.56,161.79,221.04,196.75,40.21
87.31,82.06,167.32,160.28,206.91,206.22,21.73
102.24,93.91,171.43,156.95,209.76,199.13,41.02
101.34,93.86,185.46,163.63,197.35,207.53,39.53
84.14,84.98,164.97,159.77,197.88,206.73,44.36
90.41,92.68,173.74,164.13,204.97,205.03,26.72
101.01,84.67,180.41,158.02,209.61,197.05,39.09
95.90,84.18,178.60,160.21,208.39,204.61,30.72
112.84,89.10,163.39,163.71,207.83,208.73,21.83
104.04,85.55,164.24,156.89,197.75,203.99,26.66
99.84,88.30,180.93,158.30,206.24,201.99,22.31
86.05,89.82,177.64,157.29,212.48,203.86,41.31
100.85,90.71,177.61,162.55,219.60,197.04,22.83
104.67,90.78,177.79,158.04,206.50,197.36,46.38
100.55,89.90,163.55,155.63,211.50,196.63,40.89
85.54,84.37,178.02,163.95,210.03,200.90,22.73
95.47,86.48,175.01,160.04,208.38,197.66,40.66
101.34,89.06,172.83,155.73,221.77,195.80,41.14
101.62,86.76,177.29,166.48,201.19,200.69,41.85
99.67,85.58,160.71,162.66,213.20,201.44,45.41
99.63,94.72,181.79,163.04,202.82,191.54,40.55
90.79,87.21,177.88,161.16,207.92,202.90,43.17
112.93,85.19,167.82,157.95,224.03,202.21,21.61
88.98,88.04,165.68,156.52,207.83,202.20,24.03
92.16,83.86,172.31,163.14,202.76,198.87,40.65
99.37,91.13,157.59,157.26,226.07,202.01,23.14
87.12,87.89,190.14,156.64,207.28,201.21,40.07
102.56,86.23,184.16,160.59,217.01,198.92,22.96
91.86,87.53,182.69,155.57,227.57,199.24,41.40
101.22,88.65,167.01,162.34,213.50,207.70,42.36
115.05,91.27,164.61,160.45,206.31,196.69,22.95
92.16,87.41,164.60,160.33,204.78,220.66,41.20
89.84,85.49,174.51,163.06,215.26,202.14,20.73
102.85,88.59,170.73,165.38,208.12,198.96,24.06
87.32,91.38,169.05,155.82,210.04,217.65,46.14
90.25,88.07,177.05,156.70,202.33,205.71,42.44
108.24,86.48,174.97,162.03,205.52,197.59,41.81
101.69,87.94,184.49,161.25,211.39,199.51,40.31
84.79,89.41,182.02,159.97,209.73,198.50,22.49
104.92,93.86,159.40,159.80,222.45,196.69,25.34
88.01,86.55,178.93,160.16,219.21,204.99,45.37
104.07,90.56,158.62,159.41,209.59,202.62,23.83
99.88,96.87,175.73,158.14,204.65,197.57,25.49
99.16,92.60,177.92,161.84,203.38,197.77,40.56
91.28,88.03,169.37,162.44,212.05,202.27,22.98
113.00,87.61,203.50,159.32,222.46,202.13,41.03
105.51,127.12,164.60,157.15,205.26,203.22,24.95
103.91,85.28,165.28,155.53,198.49,197.15,47.41
105.61,88.96,177.38,161.55,202.20,201.00,23.37
122.12,91.48,181.06,168.18,206.74,208.61,41.07
102.16,85.50,169.80,160.89,202.77,197.09,24.68
101.24,85.90,163.45,166.14,204.15,199.00,41.46
83.64,96.39,177.98,160.36,204.77,199.61,42.42
83.25,90.39,173.48,159.15,202.51,199.35,46.12
99.84,84.47,177.68,160.54,202.62,201.99,23.33
98.08,86.72,180.91,150.35,213.06,196.51,41.80
95.17,85.51,177.71,158.57,196.60,201.46,23.66
110.64,85.76,164.36,156.07,201.89,205.88,40.85
102.02,89.89,169.64,156.09,204.87,199.92,23.31
100.30,94.75,183.11,162.08,205.62,197.62,40.43
101.51,90.57,166.39,159.87,210.43,196.69,23.92
106.42,88.58,174.73,162.90,220.32,204.35,40.36
90.80,86.44,166.95,159.53,210.91,197.28,22.58
99.77,90.54,168.86,161.64,205.56,199.56,40.42
85.62,87.98,172.71,162.59,196.18,199.32,21.81
100.02,87.77,161.49,156.64,212.86,197.67,38.36
103.00,88.15,167.47,163.85,197.37,196.64,22.74
88.36,86.26,173.16,157.99,206.22,197.75,40.18
103.16,85.56,165.19,157.12,211.53,203.72,22.26
98.62,87.35,169.26,159.42,200.09,201.12,43.35
100.80,84.60,180.61,167.85,206.79,196.55,43.99
100.40,93.14,175.12,164.83,206.69,202.56,24.12
99.07,86.45,176.26,161.01,207.38,196.94,42.70
100.26,85.04,174.75,164.59,223.59,200.22,28.73
99.84,85.52,158.92,163.76,218.20,202.49,22.36
101.53,93.83,167.83,164.96,210.11,200.86,40.40
102.28,89.11,174.42,160.25,210.64,199.45,42.27
101.24,86.20,162.47,156.27,196.71,202.06,23.08
100.14,99.50,181.28,155.75,206.23,198.08,28.57
87.68,92.39,184.70,157.32,201.60,203.84,50.11
108.73,84.15,178.58,162.51,214.65,195.76,23.11
88.35,88.56,168.99,159.81,201.95,198.46,40.23
111.29,88.62,177.33,156.64,206.18,200.82,43.67
109.38,88.09,158.42,158.62,204.13,203.40,42.12
85.66,92.34,163.25,161.80,210.90,198.80,21.52
102.22,86.53,179.63,154.21,219.17,195.55,47.85
87.30,87.19,160.74,160.93,211.88,205.74,23.46
98.19,91.60,172.02,158.12,199.15,203.48,40.68
101.23,93.73,173.64,161.58,208.50,199.05,23.75
102.21,95.47,174.67,161.83,220.64,197.75,26.70
109.78,89.29,177.75,154.59,205.29,196.82,48.59
112.73,86.34,171.25,156.48,222.71,204.17,51.84
98.80,92.30,177.40,163.10,218.80,196.30,22.91
98.56,91.38,182.01,166.55,211.30,202.04,42.48
101.01,85.03,173.68,161.35,195.18,201.98,23.48
103.14,91.61,171.93,155.50,203.98,202.34,41.78
90.45,85.52,180.83,163.27,206.57,202.61,44.63
99.63,85.67,162.67,158.40,210.07,199.35,43.08
87.90,86.60,176.85,162.18,206.18,196.00,42.92
90.17,93.60,176.08,156.88,196.17,201.37,39.77
87.04,85.10,162.01,160.92,210.48,196.50,43.11
87.00,88.44,168.10,165.40,209.27,195.41,42.53
85.65,83.18,160.72,164.01,218.66,204.15,39.74
89.75,88.03,170.24,154.59,216.52,200.92,23.31
88.42,87.04,173.59,162.22,205.00,196.18,39.98
106.94,93.44,165.28,159.50,199.28,202.11,23.38
98.76,103.25,159.94,156.55,205.25,198.51,41.12
88.69,86.81,167.27,163.56,197.90,198.23,41.69
103.00,84.29,170.82,168.77,207.97,201.74,23.63
90.69,91.31,167.76,160.57,207.57,203.05,41.07
83.94,87.76,167.50,161.64,198.59,198.01,22.87
112.32,85.37,166.45,162.86,204.68,196.76,41.29
88.04,86.67,178.23,162.62,204.87,204.86,40.82
101.27,81.38,161.97,162.89,205.84,212.05,41.49
98.29,83.15,183.74,163.13,215.29,196.31,22.13
100.03,86.92,165.45,159.13,202.26,199.86,40.02
103.24,93.19,180.93,155.41,207.52,203.96,19.75
110.65,86.07,175.81,164.62,200.46,198.06,39.23
103.59,90.70,163.98,160.99,209.54,198.17,22.65
98.67,87.14,160.28,157.03,218.41,199.20,26.99
98.31,90.48,161.77,165.42,198.91,197.49,40.04
113.64,89.98,162.01,159.33,202.37,197.20,23.52
100.37,87.34,237.65,162.22,211.66,203.45,25.18
99.83,86.96,178.22,155.04,204.44,199.26,43.88
95.70,72.55,163.08,161.58,203.49,204.42,23.53
85.28,92.55,180.81,160.52,210.06,197.71,41.64
99.10,94.75,172.57,160.33,202.82,197.82,22.61
89.39,87.81,178.77,162.68,207.53,197.52,42.19
90.57,89.98,174.27,156.18,202.72,198.86,42.29
100.34,95.06,180.62,160.34,207.21,203.37,23.80
86.89,84.97,168.39,162.65,207.01,201.75,40.15
101.53,94.40,178.52,160.15,221.53,196.53,22.53
89.58,85.53,186.44,158.66,205.68,202.60,50.96
115.91,99.85,172.21,158.43,202.89,197.62,26.81
109.05,90.36,180.93,159.56,196.66,197.72,33.85
106.97,94.68,187.03,154.24,204.70,201.36,39.86
86.55,87.71,164.94,158.07,208.01,200.35,29.37
99.72,86.88,168.61,168.76,196.38,199.21,28.63
87.19,83.75,176.20,158.36,208.63,204.25,27.85
90.06,86.08,175.53,157.87,203.66,199.83,39.45
104.21,91.96,164.13,159.73,205.93,199.78,46.23
105.92,93.29,164.57,156.47,206.19,197.29,24.68
119.03,88.65,186.24,157.55,207.45,202.31,44.52
105.43,86.43,182.19,158.82,211.73,202.67,23.11
89.69,95.39,171.66,160.16,223.62,203.72,42.28
87.37,85.39,167.90,156.75,201.37,199.84,23.69
107.71,88.24,182.13,163.58,198.91,196.57,43.08
92.41,86.17,167.42,157.61,204.72,195.07,22.51
100.65,84.21,184.15,162.83,212.34,200.51,38.49
101.68,86.86,170.85,158.70,205.97,198.67,40.36
85.34,100.09,169.11,163.79,206.39,197.73,42.43
103.00,90.40,165.80,157.54,204.97,197.41,23.47
100.58,85.01,165.38,162.52,198.54,201.13,25.63
108.57,84.76,162.78,165.94,205.64,196.55,40.97
88.95,86.93,178.71,159.69,210.70,200.01,46.44
86.22,89.40,166.33,156.74,201.12,200.16,42.63
100.79,91.46,170.45,158.84,196.83,202.68,42.52
88.63,89.61,171.76,159.25,205.94,201.70,39.24
115.08,86.91,163.91,156.48,208.36,197.44,39.16
103.14,88.49,168.38,158.66,202.94,196.34,22.04
103.12,86.85,176.05,156.27,206.17,196.97,22.22
113.01,86.44,181.67,160.75,198.27,202.77,24.62
98.34,97.42,173.12,164.26,215.89,199.14,44.52
102.14,85.08,177.63,160.27,204.75,199.07,45.39
116.83,84.95,181.69,162.31,203.64,204.12,27.70
84.99,88.94,166.07,158.17,213.15,201.83,28.83
103.95,83.25,170.42,160.69,224.78,196.35,44.50
84.50,85.64,181.04,155.62,204.96,203.15,39.74
105.78,89.39,174.78,158.11,210.42,202.71,25.63
98.73,97.54,172.23,155.94,202.91,199.27,42.08
102.61,92.63,171.99,162.14,216.82,197.40,43.49
104.68,88.49,174.11,160.66,215.46,196.52,23.83
99.99,88.02,175.07,163.05,210.70,196.90,41.79
89.24,90.06,173.54,158.66,200.85,198.21,26.15
99.56,86.06,158.50,157.31,220.39,201.71,42.52
109.57,87.01,174.71,158.59,205.06,197.41,23.44
115.40,86.87,168.81,164.10,195.70,195.96,41.63
99.98,83.32,176.66,158.88,209.75,203.25,22.23
118.03,88.87,162.47,163.54,216.77,198.27,41.13
89.38,92.32,163.91,157.89,213.36,202.10,26.34
100.08,86.04,164.70,157.29,209.22,205.11,41.81
100.63,92.27,171.72,155.37,204.13,201.02,41.12
102.89,87.96,170.92,162.48,202.77,201.49,43.92
105.97,87.84,180.95,164.34,206.04,196.65,40.76
88.94,85.36,164.03,161.06,203.70,203.29,23.79
102.19,92.00,176.50,162.69,206.17,201.49,40.64
102.44,86.14,162.20,164.79,207.27,196.29,23.74
99.22,87.06,170.17,159.26,211.54,195.80,40.23
103.81,90.36,170.21,163.71,202.93,200.19,22.34
86.06,86.56,173.41,157.24,211.89,200.31,45.74
101.16,90.18,172.13,159.90,203.65,199.65,38.05
113.32,86.70,164.40,163.57,203.61,199.94,23.26
92.40,85.13,174.34,162.98,223.73,198.51,42.42
100.45,87.78,175.40,158.16,206.83,205.57,39.91
88.60,97.97,169.45,164.82,209.32,196.54,44.08
102.29,90.17,176.19,159.81,203.03,198.28,24.73
88.46,84.65,167.34,161.79,199.36,203.12,41.21
98.35,88.58,167.34,158.51,216.05,203.52,22.35
102.14,88.39,179.31,161.18,201.17,196.72,40.77
103.60,86.92,173.02,161.61,206.07,197.32,49.34
100.17,85.45,163.42,156.69,196.11,201.94,22.64
104.11,88.03,182.40,157.00,206.13,199.78,34.57
95.71,84.78,159.30,157.28,212.49,196.78,44.19
99.36,88.75,177.21,157.90,202.98,201.29,21.55
99.81,86.55,167.42,161.67,202.81,203.86,39.57
105.49,87.96,181.89,162.14,209.07,202.15,22.73
99.90,84.48,157.27,168.56,204.69,203.21,39.16
134.51,83.63,171.16,157.00,213.29,233.67,45.86
98.31,91.28,177.96,161.72,216.49,204.81,23.29
106.24,89.58,181.11,161.56,207.12,197.96,45.51
104.89,96.34,159.21,160.96,220.90,203.69,23.28
88.91,95.06,177.30,157.91,202.10,203.57,41.80
98.96,85.17,176.04,157.60,205.08,201.33,25.90
110.76,89.81,179.08,159.87,203.75,199.10,40.13
95.40,89.14,166.58,160.99,205.20,197.45,23.01
107.82,98.99,160.31,160.00,208.23,196.66,29.67
117.21,88.37,161.85,157.28,200.28,202.14,22.64
88.66,86.09,167.80,157.01,214.28,199.70,22.95
104.25,92.38,160.07,157.93,228.48,201.02,40.92
99.73,85.33,166.04,160.99,227.32,204.12,23.00
101.92,86.07,164.99,163.25,216.26,196.14,41.29
101.03,84.08,166.04,155.43,206.46,200.55,24.53
119.48,85.38,182.65,156.17,208.03,200.32,46.77
90.41,93.64,174.17,160.91,211.91,196.20,25.86
87.13,86.66,163.75,158.53,218.85,197.12,30.65
113.31,90.51,175.49,164.17,203.33,200.26,41.71
106.39,90.65,166.31,165.30,202.71,199.93,43.42
101.24,86.67,178.49,157.51,204.96,196.93,46.39
101.84,91.06,165.99,163.12,202.52,198.59,22.50
100.00,85.43,173.54,156.65,210.75,196.83,23.64
100.31,87.68,170.87,156.55,210.11,198.08,41.12
101.94,89.62,172.41,164.72,201.46,200.18,41.67
85.87,87.41,174.05,155.58,211.28,203.65,43.00
101.34,89.62,166.09,158.40,203.63,203.18,41.59
113.33,87.05,163.05,155.48,200.62,202.04,22.88
102.58,90.55,165.65,157.19,199.00,197.30,41.49
95.71,83.85,167.65,159.55,207.82,203.90,23.27
101.45,84.83,176.78,163.57,259.02,202.11,40.35
89.09,86.28,165.82,157.20,223.22,202.49,42.70
112.02,84.53,169.58,168.91,201.00,198.87,21.95
101.53,90.14,188.59,161.63,206.53,205.10,41.85
99.13,93.43,173.17,159.26,223.78,197.49,42.94
85.08,87.35,177.65,156.41,201.98,199.77,30.25
99.62,90.12,179.68,163.87,222.10,199.90,24.45
104.03,87.92,167.62,163.63,217.38,197.78,40.83
101.91,86.59,165.75,159.76,208.55,205.09,23.26
86.98,86.27,162.26,164.22,226.08,198.74,40.36
99.96,88.47,175.63,162.38,195.91,198.85,44.81
88.80,95.70,163.68,163.19,210.74,201.16,42.30
87.66,90.66,170.31,160.96,205.18,203.63,43.17
111.71,89.85,167.04,155.39,209.12,199.22,22.28
102.70,90.46,184.33,156.64,209.04,202.30,40.96
110.95,87.28,164.26,162.16,197.66,197.98,23.63
87.42,88.77,178.20,158.50,224.77,196.53,43.36
103.95,85.31,179.93,160.37,206.72,202.62,25.23
100.36,87.96,177.78,157.18,219.77,199.58,21.07
90.78,101.83,180.50,162.59,196.57,204.10,23.25
86.10,90.41,174.68,162.76,206.34,204.07,41.30
95.85,86.14,173.44,158.64,203.17,197.45,26.89
86.71,89.49,174.70,155.86,205.87,196.41,23.16
102.15,90.23,159.71,161.14,206.04,201.45,21.88
100.11,87.25,176.91,161.27,202.71,198.57,42.41
103.13,99.30,176.94,162.56,211.50,204.25,42.76
86.84,93.13,167.58,159.40,204.15,200.10,23.29
90.46,84.94,165.70,161.71,207.31,210.93,26.08
100.82,100.60,172.03,158.54,201.25,203.64,21.93
111.19,93.56,175.99,156.72,197.69,204.50,39.25
90.46,88.48,183.70,160.06,209.48,196.91,42.55
101.21,86.38,165.24,160.87,206.14,199.97,42.83
91.35,97.00,160.73,161.30,216.72,197.75,43.61
103.31,87.49,169.43,158.79,208.61,204.15,26.37
104.65,94.52,182.93,163.59,205.45,198.60,22.33
106.52,86.84,175.46,163.91,210.04,202.12,20.61
94.89,92.27,173.50,164.27,205.68,197.59,42.85
103.87,87.08,185.94,163.03,204.38,204.66,43.01
103.24,90.05,165.48,161.03,206.80,198.10,26.77
107.17,98.02,212.32,158.40,208.54,202.38,42.81
90.13,88.65,171.01,159.78,198.68,200.65,40.16
105.71,87.66,174.02,162.10,203.24,201.56,42.24
99.18,89.28,157.45,163.55,213.83,199.54,48.49
120.45,84.48,179.93,163.24,216.39,199.39,23.92
93.04,86.89,175.09,159.80,229.04,196.94,41.10
98.74,88.44,184.38,160.22,219.50,197.36,23.63
100.79,88.92,177.42,162.11,198.17,198.13,46.09
102.14,93.69,166.77,164.49,212.24,201.16,25.02
100.77,85.39,170.39,158.66,200.12,201.77,43.30
90.11,89.08,162.72,167.72,219.65,202.02,23.49
111.52,86.06,170.84,162.25,196.09,202.60,42.20
96.28,89.51,174.68,157.96,205.28,203.86,22.92
87.85,95.99,165.82,154.67,216.55,196.96,42.43
98.73,84.87,182.55,163.19,219.10,203.29,43.29
117.20,90.31,159.73,155.76,202.24,202.76,41.19
105.93,84.98,175.75,161.37,215.95,197.93,24.76
103.96,85.91,175.03,158.27,197.07,196.68,22.30
101.71,85.94,179.76,163.06,209.67,199.48,43.05
108.61,85.52,171.58,160.54,203.79,203.01,21.95
87.78,85.66,177.03,162.73,203.54,196.01,42.24
99.16,85.68,166.84,162.38,199.36,196.14,32.24
87.54,100.73,158.77,160.72,213.39,196.97,42.19
111.84,95.40,162.09,157.21,200.10,202.12,29.33
113.22,100.51,167.48,163.63,209.50,200.78,42.32
98.61,88.88,177.86,156.85,201.08,201.41,26.18
86.62,86.71,174.18,156.98,230.83,200.70,41.48
102.24,88.82,176.68,157.94,203.25,199.17,26.11
112.12,89.53,164.89,157.33,219.36,201.34,21.31
100.07,85.52,168.08,156.87,230.47,200.89,42.56
90.10,92.71,172.13,160.42,273.42,197.94,40.21
88.06,85.44,185.44,217.04,206.28,197.34,39.97
112.19,91.44,187.20,164.25,205.48,196.38,42.39
98.63,85.90,157.86,159.42,345.47,201.74,24.79
113.94,85.27,172.84,161.07,337.64,200.00,22.85
115.14,96.43,169.49,156.97,301.19,198.32,36.55
103.40,103.23,177.83,166.62,332.00,202.44,38.28
94.46,87.77,163.22,167.42,337.24,204.98,23.07
105.11,90.08,175.95,156.91,200.38,200.10,23.58
96.94,91.76,190.18,159.20,216.09,201.22,46.76
102.58,97.69,165.84,159.26,196.41,200.62,43.32
103.41,100.84,170.28,158.79,204.48,197.95,41.47
94.33,84.51,179.59,155.54,205.58,197.87,43.67
85.53,85.79,168.56,156.50,203.65,196.84,24.75
104.22,87.08,174.64,161.58,209.07,198.87,47.30
95.22,86.87,160.62,155.95,202.14,203.31,23.33
107.62,86.44,177.53,159.35,205.33,206.97,40.82
84.75,84.26,169.93,159.35,201.81,195.58,24.06
91.04,87.10,174.39,158.42,208.18,201.28,41.31
95.48,86.42,170.80,162.96,197.12,197.06,24.64
90.21,93.32,167.90,162.70,210.57,199.30,41.71
92.94,83.08,175.65,155.79,201.45,199.98,46.60
90.23,85.76,184.43,163.93,200.45,200.78,45.76
106.01,89.28,171.39,163.33,205.77,204.05,41.89
90.07,85.45,178.09,159.08,201.31,202.23,39.52
87.96,89.05,177.37,162.12,227.73,200.08,21.63
88.77,89.14,181.08,158.03,202.00,198.94,46.57
86.48,89.46,167.93,159.32,201.06,199.43,45.04
94.21,88.22,173.67,162.70,215.49,199.98,21.41
100.97,86.59,170.54,157.72,203.41,199.36,43.51
93.89,84.53,169.45,158.45,204.17,197.49,22.34
95.60,83.97,179.21,156.58,214.08,199.71,40.43
115.86,89.60,167.16,165.13,203.53,200.55,48.11
106.00,85.02,178.53,164.49,208.48,199.86,40.58
98.60,93.88,169.39,158.01,196.50,201.53,43.31
87.47,96.55,156.25,157.38,208.05,200.05,23.62
88.43,92.95,165.35,163.41,211.91,198.18,38.85
84.12,91.25,161.02,160.29,199.09,201.32,24.60
87.11,89.44,182.62,163.62,220.29,199.25,22.83
102.93,96.77,170.38,161.35,203.97,202.46,39.99
96.56,88.00,174.06,156.23,209.48,200.19,23.92
101.36,94.52,165.44,163.85,213.83,199.96,40.93
103.37,84.89,172.82,159.20,205.17,201.07,22.20
100.80,83.55,178.18,164.00,202.54,202.58,41.70
102.71,90.52,168.00,166.28,202.15,198.99,21.50
90.22,88.64,185.47,159.11,206.52,203.47,41.25
100.92,93.35,175.65,155.58,210.28,197.30,23.11
99.31,92.66,177.20,161.33,203.96,200.24,40.88
100.42,96.79,169.67,166.12,206.50,203.85,45.41
91.01,92.51,176.74,158.11,223.76,200.20,26.50
87.64,97.13,170.47,159.38,214.31,196.97,22.75
100.83,89.57,171.88,157.24,217.00,198.11,42.75
89.09,88.85,170.52,159.60,214.11,195.98,22.50
88.40,85.91,166.76,160.20,221.12,201.24,40.79
88.43,85.17,164.83,158.83,196.22,198.46,41.74
102.18,87.26,168.51,155.83,206.02,200.47,42.74
111.59,89.40,173.26,157.10,209.20,199.43,22.20
111.18,90.92,167.76,164.55,209.15,230.60,40.27
104.19,90.03,175.89,166.03,197.20,196.77,41.78
101.36,90.61,164.73,164.90,209.44,198.90,43.52
89.93,87.80,161.18,162.43,206.17,210.93,25.26
102.50,85.12,164.04,156.16,207.59,204.99,31.40
103.42,84.61,165.47,155.49,201.37,200.59,39.30
102.32,86.98,170.44,163.32,198.01,203.11,27.09
100.96,88.64,183.10,156.96,209.67,205.99,39.76
89.32,92.12,169.32,156.91,196.91,201.27,20.90
104.93,85.64,172.40,160.16,199.51,199.63,39.68
103.76,90.39,165.39,157.61,211.90,199.71,21.85
94.64,84.53,172.10,154.96,205.66,200.30,40.06
105.82,100.28,172.23,159.72,210.30,197.54,22.68
94.54,83.76,168.60,156.88,199.83,202.13,40.29
104.81,85.30,176.01,162.09,204.86,195.95,21.16
103.26,95.17,171.15,155.78,202.08,203.59,39.32
100.95,89.15,173.38,155.31,207.74,204.64,22.81
100.47,86.39,165.96,159.60,204.56,200.23,41.04
99.49,87.00,185.09,164.78,221.47,195.87,42.45
111.91,87.22,177.80,155.66,199.63,196.03,43.84
104.51,88.83,167.78,158.77,202.65,205.46,38.73
87.77,87.10,184.50,154.89,210.14,197.39,23.58
101.74,86.89,178.49,158.95,202.32,198.08,40.84
111.94,85.00,161.15,162.42,216.26,196.66,32.48
83.20,85.09,186.02,155.61,202.16,202.55,42.46
98.69,87.74,173.65,156.65,203.89,203.75,23.92
89.75,86.35,176.15,159.13,203.45,202.70,41.45
100.15,88.12,185.09,159.19,210.07,199.07,45.90
99.88,95.20,160.15,160.16,198.68,201.50,24.74
100.14,86.55,166.34,165.02,214.40,204.21,22.45
101.72,85.63,169.89,165.84,200.19,203.87,43.23
111.80,84.81,168.02,161.48,204.35,196.82,43.42
96.14,88.25,167.97,164.51,201.08,201.21,41.64
109.03,84.85,178.56,159.43,202.41,202.75,23.34
97.75,85.84,176.96,163.73,204.33,200.47,40.89
111.56,85.59,170.46,156.89,207.20,202.65,23.78
92.77,85.17,164.32,156.64,207.00,198.76,22.07
87.85,85.63,176.18,159.43,203.34,201.45,41.43
101.80,86.08,174.13,157.05,206.11,195.59,23.50
86.00,85.15,167.00,160.98,205.63,198.19,42.81
104.82,87.04,182.37,157.79,204.29,202.66,36.17
85.33,89.07,159.08,161.74,212.41,201.51,40.32
90.50,92.01,176.35,164.73,208.07,197.32,43.13
106.12,93.81,177.34,156.54,222.87,203.55,41.95
105.07,88.60,183.83,162.03,202.88,201.41,42.71
88.43,85.52,158.61,159.71,226.56,197.58,21.23
90.07,89.24,170.54,165.08,200.31,203.36,44.72
88.54,86.34,177.32,160.15,208.47,200.70,43.50
99.66,87.83,175.21,157.00,221.99,204.71,40.20
100.37,90.15,174.72,157.85,198.68,201.91,40.36
88.09,89.29,177.27,159.94,207.69,198.39,22.56
90.78,85.95,170.76,158.06,211.27,203.07,41.92
97.67,91.18,172.21,159.06,214.72,196.84,43.66
102.32,88.60,167.85,159.84,201.93,199.02,17.99
103.20,87.04,182.08,155.34,210.45,197.11,22.00
85.89,85.38,163.62,162.08,210.53,201.85,23.69
87.58,93.59,179.06,154.37,197.97,199.94,39.25
88.26,85.44,182.58,161.60,201.17,204.76,22.15
86.19,91.41,168.90,161.01,216.00,204.02,27.73
83.58,86.25,164.88,161.59,197.91,201.33,43.75
104.53,101.10,158.46,164.05,201.11,203.36,42.55
104.71,85.25,160.04,170.76,200.06,199.29,22.36
85.34,87.69,180.92,159.94,205.02,201.92,43.37
110.98,89.54,169.91,159.45,201.81,203.83,42.36
107.56,99.63,168.52,159.55,208.70,203.29,22.74
108.26,101.32,172.48,161.40,207.66,200.91,40.61
97.88,90.07,166.40,162.63,205.48,197.34,23.22
92.35,90.26,175.94,162.58,199.42,199.81,42.79
100.58,85.10,176.52,157.08,206.40,197.92,24.10
79.30,101.69,165.83,155.66,204.92,197.21,21.51
112.16,92.75,175.53,161.14,199.02,199.95,42.28
91.66,91.42,172.56,155.77,233.33,204.05,43.10
114.23,89.60,168.87,167.92,214.59,201.21,42.00
108.39,84.62,159.27,160.53,205.95,203.21,41.82
89.51,88.98,183.86,163.02,210.66,196.79,42.56
101.16,89.71,170.05,156.75,205.87,200.69,43.23
91.33,102.08,174.40,156.47,207.22,198.71,24.34
99.10,85.88,165.22,163.37,205.02,201.64,22.57
90.32,91.73,163.03,163.49,205.04,200.35,39.93
85.20,84.46,176.00,159.15,212.42,198.11,21.88
104.53,86.27,179.99,160.64,203.03,199.73,24.15
84.44,84.74,180.94,159.91,207.92,206.34,38.53
98.95,91.57,181.13,160.78,208.72,201.62,24.40
89.82,87.46,177.03,162.54,200.00,200.64,40.87
101.17,85.56,180.42,165.74,210.16,200.95,48.38
102.39,86.68,165.86,164.44,200.14,201.34,22.96
89.27,86.00,182.17,160.78,208.83,197.10,48.03
104.19,91.10,165.61,157.73,201.12,199.69,23.22
102.22,86.10,165.95,155.61,210.78,197.04,41.81
89.85,88.15,172.20,163.70,201.14,196.49,42.85
102.89,84.76,174.49,163.78,197.57,199.55,41.11
98.69,89.88,165.22,165.53,203.38,205.72,45.75
101.05,100.93,165.91,161.31,212.06,198.48,49.13
98.60,87.65,184.58,163.13,202.59,196.09,43.17
100.75,87.92,165.19,156.85,205.70,200.51,21.47
97.00,86.21,175.98,157.63,223.79,203.28,24.11
93.40,88.58,167.80,162.98,217.14,200.66,41.08
113.64,86.10,179.70,160.05,211.83,198.00,39.59
100.74,84.70,158.47,160.45,223.42,199.27,22.87
101.59,90.05,173.45,160.88,207.05,201.98,43.42
117.46,91.80,163.29,157.97,221.54,199.59,41.10
98.76,87.54,169.18,166.06,208.47,201.56,23.19
89.93,90.91,173.59,160.34,218.89,199.72,26.58
113.84,84.55,177.84,164.54,202.63,202.19,27.17
115.23,91.17,161.04,156.74,199.26,198.34,40.12
100.06,91.69,171.71,162.66,208.73,204.20,43.13
113.17,86.63,167.51,161.77,219.31,196.56,42.59
111.93,91.93,174.06,163.91,206.96,199.92,42.48
91.65,87.00,182.52,156.32,200.09,200.99,44.40
100.26,94.06,176.56,163.57,201.77,201.22,41.06
100.67,84.17,160.13,155.96,198.44,200.42,40.67
98.59,89.30,168.28,162.08,209.72,197.35,39.76
88.77,91.38,179.26,164.73,224.21,202.17,44.63
96.47,88.33,176.33,164.32,204.43,195.50,22.28
112.62,85.11,177.54,160.45,200.70,194.37,23.07
100.00,94.61,165.96,163.97,205.46,200.93,22.62
115.80,83.99,169.26,158.89,205.78,200.71,24.79
102.03,86.34,168.53,159.03,198.41,197.50,40.14
85.50,84.19,176.72,159.48,210.88,198.45,24.55
85.37,85.98,169.27,159.64,197.96,196.84,38.51
88.35,86.45,163.83,164.12,203.74,201.34,22.27
92.70,94.38,173.17,162.53,207.99,197.64,40.39
115.32,92.69,165.83,164.54,197.96,204.32,24.39
87.21,86.00,162.35,159.44,205.67,198.68,20.97
88.86,92.51,164.54,162.00,201.22,201.54,40.73
102.12,92.51,158.19,163.22,206.21,202.64,23.80
90.42,93.01,157.98,160.14,204.47,204.10,40.06
88.57,85.24,174.53,162.71,207.78,198.83,45.11
95.94,87.78,173.03,156.28,199.29,198.15,39.75
89.69,84.95,169.17,158.74,206.29,196.53,40.50
116.09,93.64,163.47,159.93,207.75,200.55,42.48
100.82,88.12,167.21,160.31,196.64,197.99,21.78
86.09,89.26,181.82,161.43,203.22,203.12,41.93
87.05,83.78,176.03,163.73,205.57,197.24,52.87
108.22,87.28,170.60,159.45,208.33,201.25,39.23
102.74,94.84,173.19,159.60,214.64,196.59,24.60
99.74,87.53,175.76,158.56,208.08,200.57,44.28
104.57,87.63,170.70,163.38,197.50,201.34,22.84
85.35,90.14,175.80,160.73,205.80,201.24,39.67
99.09,88.60,171.41,157.17,197.43,201.93,21.84
112.88,88.06,169.90,159.68,202.10,199.38,40.43
101.18,92.72,175.57,157.98,196.84,196.73,41.79
88.49,97.12,169.37,160.05,203.36,205.26,29.36
102.65,89.38,169.88,164.47,200.77,198.29,40.71
103.58,87.77,168.64,160.77,215.22,203.14,23.96
98.48,86.94,165.65,161.96,204.52,197.57,23.50
99.99,89.86,168.99,161.33,220.44,203.77,41.07
85.18,101.21,169.68,165.26,203.67,200.78,21.83
102.16,87.97,166.13,157.33,209.96,200.08,40.73
84.32,93.42,179.65,156.98,207.11,200.65,40.87
101.68,84.62,176.08,158.34,212.91,196.93,28.13
103.79,89.64,165.49,158.30,206.31,204.01,40.37
106.44,89.39,169.33,156.45,205.67,201.24,20.47
103.83,96.79,174.05,156.62,207.58,200.54,42.68
88.05,85.96,177.29,161.58,215.80,202.28,41.97
100.16,86.50,171.36,164.85,210.67,200.34,44.92
101.56,84.15,167.94,163.46,205.34,206.00,40.67
104.13,97.50,179.28,155.82,205.61,202.20,42.23
100.45,85.70,178.78,160.83,203.35,199.60,42.36
92.23,86.20,181.14,157.89,208.62,200.03,40.86
88.52,85.18,178.55,162.69,208.97,202.67,41.32
87.24,98.74,166.04,160.68,207.31,199.43,43.90
85.41,90.34,177.40,158.23,198.74,205.96,41.95
104.33,87.38,178.60,165.46,211.37,202.52,47.09
113.32,85.43,168.67,163.55,198.70,202.00,23.71
95.28,85.84,178.92,164.21,208.12,198.75,40.73
100.99,88.37,172.36,158.19,204.69,204.90,21.42
102.05,89.93,169.29,155.98,200.08,205.51,41.67
92.04,96.65,171.40,166.09,210.33,202.53,23.74
95.61,88.49,174.23,161.90,218.48,200.54,41.75
102.75,83.43,168.56,155.06,214.77,198.05,22.31
89.49,86.97,162.47,164.01,202.65,202.55,42.68
85.66,88.98,165.57,155.64,200.46,201.22,24.65
98.96,87.87,177.85,155.29,206.04,197.55,21.53
100.14,89.97,168.93,161.16,198.03,196.91,27.45
95.07,86.97,169.82,164.32,202.06,199.69,21.39
97.38,92.72,180.18,164.74,208.75,196.71,44.23
94.69,90.83,167.12,158.24,197.07,196.31,24.58
99.43,92.76,178.40,162.76,210.18,197.26,22.62
105.32,97.62,176.71,162.40,207.36,198.76,40.34
101.46,86.22,183.03,156.04,197.72,199.65,42.60
103.75,86.25,164.56,155.57,210.27,195.54,43.33
112.10,86.17,177.48,159.32,203.71,200.52,43.66
119.92,86.80,166.53,156.77,206.43,202.91,23.30
93.98,86.60,171.54,157.78,201.36,201.07,40.94
99.72,90.52,172.24,156.14,206.42,200.21,23.34
101.19,86.03,175.22,163.75,211.81,195.96,40.75
103.34,99.43,175.80,162.34,209.67,203.22,46.41
94.83,90.37,160.56,158.87,216.25,203.13,42.80
99.20,92.22,176.59,163.46,209.45,200.00,24.38
115.94,85.79,177.18,163.55,201.59,199.78,41.82
88.01,84.37,172.98,159.19,199.29,201.93,42.88
97.80,90.01,165.92,161.82,207.98,199.97,23.62
103.67,87.35,173.70,158.68,208.15,200.87,42.32
85.35,88.93,173.50,159.72,201.86,196.96,39.16
101.19,88.40,167.57,163.46,206.15,200.39,23.53
97.18,84.85,169.80,159.36,202.77,219.09,24.09
105.29,92.40,166.42,159.51,208.98,203.25,37.44
85.38,94.75,165.90,166.35,221.92,199.88,24.61
98.13,87.73,175.05,159.69,201.45,201.68,42.88
91.28,84.43,176.00,164.29,208.35,198.92,46.84
101.71,88.64,174.64,160.26,204.13,202.70,22.96
89.35,92.66,179.15,161.30,201.48,203.18,39.59
98.75,86.59,180.46,157.49,208.58,200.58,23.11
87.36,85.87,168.72,156.77,211.64,197.52,22.32
101.89,97.69,161.21,164.94,202.38,203.49,40.80
102.97,100.29,175.85,172.26,209.94,199.58,23.61
103.31,90.95,161.55,159.00,201.62,200.78,42.92
104.34,85.87,170.50,160.01,202.74,199.43,23.47
83.83,88.34,164.79,157.10,211.12,196.66,39.13
102.04,88.05,181.01,155.19,224.08,195.40,40.91
98.42,89.69,200.23,166.48,222.56,200.13,22.43
99.01,85.01,184.50,157.25,199.11,204.26,41.27
101.49,85.25,183.23,171.34,206.08,194.92,23.12
102.13,85.16,171.10,167.84,194.88,200.93,20.80
87.52,85.39,173.66,160.89,205.43,200.74,40.39
87.84,98.23,170.55,162.08,211.25,198.14,22.17
93.50,92.49,163.67,161.43,203.67,196.30,44.69
100.04,97.47,168.22,163.55,209.17,200.97,20.15
86.95,86.94,184.15,161.76,206.36,197.45,43.86
85.91,81.60,159.92,160.94,203.32,196.30,40.03
102.64,94.68,177.29,168.05,202.44,195.40,23.06
101.30,96.11,162.42,163.13,209.89,197.51,39.47
87.85,85.33,166.37,160.92,217.00,196.89,23.06
102.61,87.94,180.87,161.76,217.50,195.63,41.08
87.80,89.82,168.80,160.51,200.08,197.20,25.10
102.28,85.82,168.77,158.59,208.33,197.87,26.15
87.84,97.51,169.19,153.91,210.20,198.42,40.15
113.12,106.32,176.19,163.33,196.75,204.16,31.96
96.96,91.58,174.34,158.20,207.59,203.76,42.49
106.80,86.65,179.42,155.00,202.00,203.33,44.09
87.27,88.90,174.31,158.19,210.90,198.16,41.48
86.52,84.50,158.31,158.78,209.59,200.00,43.39
99.48,86.41,176.17,159.23,205.86,197.12,45.32
103.31,88.11,171.20,164.24,207.10,204.51,22.63
102.64,88.88,166.31,157.82,216.29,202.41,24.31
99.79,97.85,180.05,160.96,205.68,196.70,39.75
104.68,87.62,165.03,156.42,211.23,204.26,33.55
83.60,94.34,182.55,156.51,225.17,203.19,41.23
96.12,84.47,181.27,157.20,207.65,198.99,21.98
99.40,88.76,174.07,176.14,204.19,204.18,25.29
103.97,92.89,180.90,157.42,198.71,202.96,38.05
106.37,87.50,174.03,161.09,207.03,197.27,22.24
85.75,93.49,187.23,163.21,207.54,200.96,44.82
100.10,87.32,158.50,155.49,221.72,196.58,43.93
110.60,103.65,168.49,157.51,209.86,203.05,41.92
100.72,97.56,181.40,161.38,199.58,203.36,23.51
103.88,92.66,168.18,155.79,214.87,201.45,40.51
86.07,86.70,167.71,157.22,206.43,195.26,24.58
104.51,85.08,172.02,157.02,218.31,197.91,39.82
86.22,84.39,179.77,162.74,203.51,204.16,24.22
112.85,85.56,180.79,155.84,208.72,196.18,22.01
87.65,83.47,179.89,161.05,208.01,196.76,42.54
100.93,85.10,168.23,162.75,210.25,197.33,43.23
112.52,99.61,161.91,156.50,201.88,202.92,24.47
116.89,85.55,161.17,161.99,204.85,203.59,40.25
113.07,89.46,170.99,162.28,203.60,200.54,45.38
111.66,91.28,178.40,156.26,202.43,202.50,41.43
90.04,90.57,166.20,156.25,210.41,197.20,21.47
105.37,85.94,184.66,160.43,204.17,200.30,41.49
99.85,86.51,174.02,160.91,202.17,204.14,41.88
100.86,86.25,172.75,161.55,206.41,203.33,24.62
97.87,88.85,187.82,164.39,202.25,200.59,45.12
91.19,93.63,176.14,156.87,210.00,202.52,22.50
101.82,86.96,172.87,155.78,202.34,197.36,21.68
117.42,87.78,173.78,156.73,221.53,199.83,43.82
113.89,81.76,169.15,159.66,201.69,202.82,43.29
103.27,100.41,172.91,157.85,206.67,197.51,22.14
110.63,99.13,163.36,155.32,212.72,204.83,41.25
84.91,84.66,177.19,156.90,203.96,199.81,40.70
88.74,89.61,176.31,155.94,210.35,202.18,21.06
91.63,87.18,164.21,164.75,223.51,198.53,39.85
91.62,93.15,172.46,158.72,203.39,205.33,22.55
87.17,86.52,164.50,160.24,205.21,197.01,40.89
94.67,85.35,170.67,161.98,200.80,198.06,42.07
100.26,84.39,169.19,162.17,202.53,198.95,41.82
105.80,86.35,177.56,160.70,209.20,201.80,21.92
98.18,89.90,170.05,154.87,211.33,197.20,39.62
104.67,87.40,174.59,158.99,204.95,196.99,54.66
110.62,88.55,170.41,163.53,199.53,199.90,40.15
88.68,92.95,169.27,161.10,198.54,203.60,22.25
115.43,85.74,176.51,157.43,214.25,202.09,41.01
87.38,88.40,161.53,158.41,199.48,205.49,22.03
86.50,85.30,185.41,161.63,211.51,201.29,40.19
101.24,83.94,167.83,157.94,205.74,199.29,25.75
103.06,86.57,168.25,158.19,211.46,205.14,42.56
101.67,86.38,166.71,156.65,196.28,197.89,42.94
109.93,84.89,166.08,162.99,201.99,199.44,42.60
86.56,85.20,180.92,162.30,210.87,203.47,24.71
108.15,85.30,165.97,159.14,210.44,195.88,43.37
88.96,84.94,186.42,169.40,211.24,196.22,23.37
97.40,87.18,179.51,165.20,202.48,199.37,42.92
103.52,85.84,177.41,159.36,218.52,200.11,41.14
91.08,90.61,159.12,162.22,210.62,199.17,24.87
86.49,85.04,176.68,156.43,230.30,196.67,40.75
98.80,95.49,181.15,162.60,212.86,199.56,41.72
89.42,86.05,175.20,163.31,201.18,197.08,39.45
90.41,86.04,170.88,164.54,213.80,199.79,43.23
111.12,87.87,180.01,164.51,225.52,200.52,43.71
99.46,84.78,173.69,160.25,199.63,197.30,39.01
101.08,94.07,164.09,163.71,210.43,196.56,21.86
89.35,84.83,174.64,159.37,204.31,204.81,40.56
97.52,85.43,170.94,160.08,207.29,200.41,42.13
101.28,85.34,170.73,155.51,208.33,200.81,22.61
87.76,85.88,178.17,156.78,207.17,202.65,41.19
104.67,86.36,172.17,160.67,229.23,198.53,22.87
111.65,85.68,164.53,163.12,216.14,202.49,40.81
105.32,85.60,168.76,159.08,205.48,197.02,43.78
104.20,88.54,180.73,156.30,206.77,198.15,41.33
99.20,84.34,165.30,164.02,213.05,198.54,22.43
102.83,89.51,185.42,155.97,201.96,197.05,40.04
87.56,109.79,168.10,163.13,206.67,198.97,23.34
100.60,101.99,180.65,154.52,207.60,202.50,40.89
84.27,89.93,168.46,172.98,199.89,206.59,23.15
99.93,85.98,179.96,156.62,206.87,199.81,43.01
91.58,87.99,169.82,165.24,202.95,205.04,41.69
90.67,85.91,170.86,162.31,204.19,204.70,23.14
86.52,93.48,167.62,158.64,197.50,198.75,46.56
105.10,84.34,163.27,157.32,201.71,201.40,23.22
116.59,87.70,174.60,164.14,199.56,197.22,42.13
99.09,87.76,169.33,159.75,209.39,198.43,40.16
93.66,87.94,179.27,162.42,207.71,204.79,28.18
99.32,84.53,182.36,161.92,204.69,203.77,26.52
107.94,84.34,159.70,156.49,203.06,200.63,21.61
109.12,85.38,174.14,158.78,210.56,196.82,43.17
101.59,85.01,161.50,158.12,210.27,202.70,41.32
111.52,95.31,160.23,163.58,223.37,200.09,23.00
114.57,92.06,167.74,158.50,198.73,200.28,42.21
86.71,102.90,162.10,159.31,203.57,197.80,24.03
115.18,86.60,169.74,161.93,201.34,203.39,44.57
114.90,94.80,176.40,163.44,221.02,203.08,22.30
100.73,94.41,168.90,161.32,207.87,197.33,41.52
104.11,91.33,163.66,164.50,209.42,203.43,49.08
99.67,91.75,167.63,158.10,206.88,204.73,46.91
103.16,87.75,176.83,166.51,214.43,204.46,43.57
126.02,88.71,167.37,158.82,210.38,200.43,46.03
105.71,94.50,179.49,160.39,219.98,198.62,21.73
105.89,85.91,178.35,156.73,210.99,197.49,41.69
102.23,98.41,166.21,162.87,198.55,199.94,44.07
90.44,88.33,170.69,162.03,208.70,216.53,39.49
94.62,93.49,174.60,158.60,206.40,202.78,22.86
98.90,86.44,188.20,159.65,223.72,197.34,42.16
102.77,89.12,169.80,156.24,198.22,204.03,39.91
89.33,88.00,167.08,155.76,196.74,203.59,21.49
89.08,86.60,168.68,162.57,213.75,203.60,42.42
91.29,88.41,189.78,164.08,217.48,205.85,23.34
114.39,90.22,175.76,160.96,224.47,197.70,41.10
89.13,95.13,184.69,162.15,201.82,196.22,23.02
94.03,102.92,167.29,158.92,210.07,205.96,22.29
87.54,87.25,172.98,161.09,203.09,198.09,24.68
89.20,90.77,173.47,159.85,222.72,200.91,40.40
90.38,85.80,159.88,159.11,200.43,198.08,23.21
99.33,87.50,168.86,157.75,203.74,196.18,45.76
113.21,83.67,160.80,160.12,208.59,203.87,22.18
92.17,89.18,187.89,163.74,207.93,197.21,46.64
87.01,87.50,161.94,157.98,198.27,199.58,41.89
87.80,94.78,172.61,155.64,208.72,199.02,23.74
100.69,95.74,174.09,158.29,219.05,203.29,41.01
88.00,88.30,178.71,163.21,200.66,202.56,22.69
99.50,84.79,184.32,156.51,202.75,200.64,41.28
89.07,85.53,171.43,162.21,206.81,199.72,22.80
103.34,88.54,166.63,157.32,195.24,199.39,46.45
90.15,87.41,166.31,155.98,209.39,199.34,21.50
86.22,87.69,165.69,156.71,215.99,203.21,43.57
97.56,85.14,165.16,163.82,207.11,202.82,20.98
97.73,92.65,166.86,155.88,210.13,198.96,45.38
102.57,84.78,177.34,159.98,214.17,198.79,40.48
102.59,85.36,176.28,156.24,220.66,197.91,23.35
105.99,92.69,182.77,162.67,206.37,200.62,42.39
90.74,84.67,181.30,157.58,203.41,205.53,25.04
99.23,93.70,168.26,156.15,197.27,199.48,40.79
89.52,84.58,170.47,159.84,214.61,197.36,42.60
90.10,87.02,171.81,164.75,221.20,196.89,40.86
99.69,86.45,175.46,167.76,201.30,203.95,25.36
87.86,84.27,168.17,154.96,202.88,196.51,40.21
113.34,85.83,178.46,159.44,223.91,202.63,26.74
105.60,90.73,173.89,164.23,212.44,201.78,23.44
101.32,88.69,175.08,162.09,220.74,200.10,42.35
85.06,86.29,174.33,162.67,225.65,201.14,44.16
111.35,94.18,173.51,158.33,204.67,199.16,21.12
112.85,90.83,169.86,163.58,202.98,198.45,24.55
112.57,90.13,169.48,165.06,218.81,196.50,40.42
111.01,92.29,161.76,163.99,201.49,205.75,21.63
102.13,90.33,180.49,165.18,210.42,201.07,43.12
112.94,95.07,161.93,159.57,208.10,199.86,21.07
90.95,85.40,176.90,164.58,222.35,203.80,41.63
85.59,91.90,167.48,160.03,211.76,203.22,43.87
88.44,87.86,179.55,157.70,219.24,204.56,22.22
98.92,88.01,172.22,159.73,205.21,200.30,41.92
115.58,85.67,175.72,158.24,205.33,200.16,20.51
103.74,97.55,168.39,160.30,197.64,197.65,23.27
88.18,85.81,170.77,163.01,224.66,200.63,39.95
104.08,85.54,164.25,163.14,197.81,203.18,21.85
106.00,94.02,206.58,156.97,204.07,200.42,41.35
105.86,88.91,166.85,155.84,201.77,198.94,24.37
87.27,85.11,174.83,161.34,197.87,204.38,41.84
103.99,88.19,174.82,161.58,197.04,198.96,44.70
86.51,91.78,173.19,160.25,220.37,203.07,23.94
100.44,87.41,161.71,159.92,201.82,201.99,45.79
101.96,87.42,176.79,165.44,207.68,199.16,25.16
101.30,85.51,158.24,159.40,216.95,198.60,41.70
102.03,86.21,169.18,163.87,210.65,197.66,40.97
98.68,90.18,188.65,155.24,212.89,199.17,47.23
89.65,83.72,162.17,158.93,198.13,199.75,24.56
100.53,85.74,161.18,160.13,214.28,199.14,21.33
98.54,89.90,171.28,156.78,216.66,199.98,21.37
101.54,91.94,179.84,162.55,207.29,203.35,34.52
102.21,99.29,162.64,154.74,200.39,200.84,32.16
104.13,88.26,162.97,165.33,213.20,202.88,37.76
114.06,85.15,180.41,162.73,206.18,199.45,43.37
102.74,95.97,170.73,155.81,211.12,201.27,37.69
108.72,90.02,168.46,163.39,205.81,197.13,37.52
103.73,84.25,172.71,162.60,202.03,200.89,21.97
86.90,88.76,181.33,162.90,218.59,197.49,29.12
96.80,88.01,169.75,156.74,207.97,198.30,33.09
98.02,93.44,175.73,161.90,208.28,203.80,25.55
98.40,112.05,161.93,162.94,210.09,201.53,31.93
90.47,81.75,173.10,160.11,200.09,196.93,20.25
108.64,91.17,172.10,159.13,213.89,196.51,29.24
99.36,94.64,168.32,159.46,201.76,203.82,33.01
100.82,91.77,170.93,161.10,203.66,200.05,33.94
98.31,89.36,169.23,160.06,211.15,198.62,35.02
101.80,90.44,176.60,161.14,219.69,201.10,25.74
98.43,91.98,182.52,163.02,199.14,197.54,45.99
110.54,90.55,168.06,158.62,209.31,200.81,24.94
97.25,91.34,163.13,154.76,204.18,200.53,47.77
102.08,86.42,183.96,170.61,199.93,196.42,23.99
87.48,84.07,173.82,155.60,206.82,200.52,22.94
101.01,88.67,174.61,164.58,213.03,198.23,40.44
99.65,84.94,162.54,157.79,200.38,220.75,43.68
100.43,84.96,156.39,156.91,203.11,199.50,26.89
103.30,87.35,175.25,160.70,201.49,200.65,43.06
95.36,86.69,174.73,154.79,217.19,199.26,22.19
90.56,88.16,171.58,156.55,220.16,203.15,41.79
98.24,91.25,170.47,162.94,217.85,203.26,23.93
96.76,92.97,170.79,163.11,207.39,201.63,46.60
91.23,86.17,169.85,161.87,224.24,197.78,49.71
104.74,87.27,164.92,160.29,214.38,203.47,24.88
100.83,88.92,185.92,156.37,204.94,198.60,21.85
92.36,86.02,167.43,156.99,214.40,199.29,23.19
117.22,98.38,177.69,162.19,202.06,200.81,47.83
86.39,86.94,169.85,161.84,207.51,201.07,20.47
101.05,91.20,178.73,158.05,200.22,202.65,24.87
104.36,95.96,182.37,154.75,205.91,202.45,40.99
84.74,85.53,179.39,155.49,206.76,195.91,24.32
86.54,91.75,161.51,159.81,206.90,201.13,42.04
102.92,89.89,160.82,155.41,213.14,201.92,23.50
102.65,88.58,169.16,162.63,202.91,198.42,40.37
112.70,86.41,169.45,158.55,208.46,197.57,21.67
86.52,101.71,174.06,155.21,206.37,207.27,41.08
99.70,96.05,166.22,157.00,203.26,195.96,22.20
101.29,84.73,170.60,156.87,207.29,203.28,47.22
101.24,83.95,174.95,156.59,210.92,195.22,43.12
103.32,85.32,177.69,161.96,202.75,202.34,42.22
101.43,102.02,173.84,161.45,197.42,197.17,23.08
86.19,93.94,172.82,157.10,197.17,194.87,42.08
104.02,86.91,179.56,160.52,208.78,199.81,23.50
107.70,92.53,170.42,161.17,203.98,197.62,39.10
93.47,81.95,171.94,157.13,200.74,199.23,25.31
101.15,89.49,165.76,160.29,205.53,200.50,22.35
85.18,83.68,171.69,156.74,214.26,196.47,44.63
86.89,96.73,168.34,164.66,205.01,196.39,22.17
101.16,96.27,176.26,162.18,200.92,200.35,42.56
107.29,117.16,175.33,163.01,207.13,200.76,24.24
86.16,93.80,167.53,169.74,210.19,195.72,40.79
105.85,83.47,174.40,163.64,206.73,199.40,21.67
101.75,97.21,157.32,155.22,200.78,198.59,29.89
87.85,90.61,163.86,156.29,218.39,198.79,22.41
94.79,89.14,180.02,160.43,219.72,194.98,47.06
115.39,89.09,174.94,165.36,201.26,202.53,43.99
98.87,93.94,178.37,161.38,215.47,198.75,22.77
85.79,91.75,183.33,164.31,196.38,205.17,23.71
90.21,86.76,174.48,159.51,204.02,200.13,41.43
106.89,90.25,172.70,162.52,212.61,201.17,25.09
104.53,86.69,181.67,170.13,198.17,195.89,24.25
102.38,85.81,177.04,165.32,204.16,200.84,42.27
101.75,84.65,181.36,165.08,198.31,197.28,23.43
102.86,90.46,172.86,158.33,205.38,205.01,41.57
108.53,89.52,167.84,155.09,215.60,199.11,21.94
